;Кредит (актив);Вклад (пассив);Дата погашения;Срок погашения, дней;Ставка, %;[ОТВЕТ] Номер группы;Пример группировки (для первых 20 сделок)
0;0.0;33000000.0;04.06.2018;74;2.0246;7;1.0
1;100000000.0;0.0;11.06.2018;81;2.0714;8;1.0
2;550000000.0;0.0;07.05.2018;46;1.7935;6;2.0
3;0.0;5000000.0;11.06.2018;81;2.0714;8;1.0
4;0.0;5000000.0;11.06.2018;81;2.0714;8;1.0
5;6100000.0;0.0;14.06.2018;84;2.1069;8;1.0
6;0.0;8200000.0;14.06.2018;84;2.1069;8;1.0
7;14400000.0;0.0;18.06.2018;88;2.1775;9;3.0
8;0.0;50000000.0;28.04.2018;37;0.9745;1;4.0
9;50000000.0;0.0;07.06.2018;77;0.934;21;5.0
10;0.0;11300000.0;05.06.2018;75;2.0246;7;1.0
11;0.0;24500000.0;09.05.2018;48;1.7999;6;2.0
12;121700000.0;0.0;27.04.2018;36;1.7603;6;2.0
13;111000000.0;0.0;27.04.2018;36;1.7603;6;2.0
14;0.0;55600000.0;30.04.2018;39;1.7669;6;2.0
15;0.0;22000000.0;09.05.2018;48;1.7999;6;2.0
16;0.0;10000000.0;10.05.2018;49;1.8105;6;2.0
17;11100000.0;0.0;16.05.2018;55;1.85;6;2.0
18;0.0;1100000.0;17.05.2018;56;1.8725;6;2.0
19;8000000.0;0.0;17.05.2018;56;1.8849;6;2.0
20;50000000.0;0.0;21.05.2018;60;1.8849;6;
21;0.0;52000000.0;21.05.2018;60;1.8921;7;
22;20000000.0;0.0;24.05.2018;63;1.9436;7;
23;50600000.0;0.0;24.05.2018;63;1.9436;7;
24;11000000.0;0.0;24.05.2018;63;1.9436;7;
25;0.0;25000000.0;24.05.2018;63;1.9436;7;
26;0.0;11000000.0;24.05.2018;63;1.9436;7;
27;25000000.0;0.0;24.05.2018;63;1.9436;7;
28;0.0;41800000.0;01.06.2018;71;2.0063;7;
29;18900000.0;0.0;04.06.2018;74;2.0246;7;
30;0.0;5900000.0;04.06.2018;74;2.0246;7;
31;14700000.0;0.0;06.06.2018;76;2.0252;7;
32;0.0;55400000.0;06.06.2018;76;2.0252;7;
33;60900000.0;0.0;06.06.2018;76;2.0252;7;
34;0.0;67800000.0;07.06.2018;77;2.0349;7;
35;0.0;127500000.0;18.06.2018;88;2.1775;9;
36;0.0;16000000.0;31.05.2018;70;1.9842;7;
37;102300000.0;0.0;30.04.2018;39;1.7669;6;
38;20500000.0;0.0;04.05.2018;43;1.787;6;
39;26000000.0;0.0;10.05.2018;49;1.8105;6;
40;80000000.0;0.0;30.04.2018;39;1.7723;6;
41;0.0;20600000.0;14.05.2018;53;1.8105;6;
42;0.0;76000000.0;18.05.2018;57;1.8849;6;
43;20600000.0;0.0;04.06.2018;74;2.0246;7;
44;0.0;103200000.0;07.06.2018;77;2.0349;7;
45;0.0;103300000.0;08.06.2018;78;2.0473;8;
46;0.0;54100000.0;11.06.2018;81;2.0714;8;
47;0.0;103100000.0;14.06.2018;84;2.1069;8;
48;50000000.0;0.0;18.06.2018;88;2.145;9;
49;0.0;54200000.0;21.06.2018;91;2.2225;11;
50;0.0;41000000.0;23.04.2018;32;1.7447;6;
51;0.0;14400000.0;23.04.2018;32;1.7447;6;
52;102500000.0;0.0;27.04.2018;36;1.7603;6;
53;0.0;20500000.0;30.04.2018;39;1.7603;6;
54;0.0;14300000.0;01.05.2018;40;1.7734;6;
55;0.0;8600000.0;04.05.2018;43;1.787;6;
56;0.0;78000000.0;30.05.2018;69;1.9842;7;
57;53100000.0;0.0;08.05.2018;47;1.7907;6;
58;10200000.0;0.0;09.05.2018;48;1.7999;6;
59;0.0;79300000.0;10.05.2018;49;1.8105;6;
60;101700000.0;0.0;11.05.2018;50;1.8105;6;
61;33000000.0;0.0;11.05.2018;50;1.8105;6;
62;77000000.0;0.0;30.05.2018;69;1.9842;7;
63;25500000.0;0.0;16.05.2018;55;1.85;6;
64;10500000.0;0.0;16.05.2018;55;1.85;6;
65;20000000.0;0.0;18.05.2018;57;1.8849;6;
66;0.0;20500000.0;29.05.2018;68;1.9436;7;
67;0.0;20400000.0;29.05.2018;68;1.9436;7;
68;0.0;8500000.0;29.05.2018;68;1.9842;7;
69;25000000.0;0.0;24.04.2018;33;1.7413;6;
70;0.0;25000000.0;24.04.2018;33;1.7413;6;
71;20400000.0;0.0;25.04.2018;34;1.7452;6;
72;14300000.0;0.0;25.04.2018;34;1.7452;6;
73;0.0;20500000.0;27.04.2018;36;1.7603;6;
74;20500000.0;0.0;30.04.2018;39;1.7723;6;
75;10600000.0;0.0;30.04.2018;39;1.7723;6;
76;0.0;20500000.0;30.04.2018;39;1.7723;6;
77;10600000.0;0.0;30.04.2018;39;1.7723;6;
78;23400000.0;0.0;01.05.2018;40;1.7734;6;
79;35100000.0;0.0;01.05.2018;40;1.7734;6;
80;0.0;50800000.0;01.05.2018;40;1.7734;6;
81;0.0;53000000.0;01.05.2018;40;1.7734;6;
82;0.0;20500000.0;01.05.2018;40;1.7734;6;
83;0.0;4200000.0;02.05.2018;41;1.7778;6;
84;0.0;10200000.0;02.05.2018;41;1.7778;6;
85;6600000.0;0.0;04.05.2018;43;1.787;6;
86;0.0;12300000.0;08.05.2018;47;1.7935;6;
87;10200000.0;0.0;09.05.2018;48;1.7999;6;
88;157000000.0;0.0;15.05.2018;54;1.8388;6;
89;158000000.0;0.0;15.05.2018;54;1.8388;6;
90;0.0;15000000.0;10.05.2018;49;1.8105;6;
91;5000000.0;0.0;14.05.2018;53;1.82;6;
92;10000000.0;0.0;14.05.2018;53;1.82;6;
93;1000000.0;0.0;14.05.2018;53;1.82;6;
94;10000000.0;0.0;14.05.2018;53;1.82;6;
95;10000000.0;0.0;14.05.2018;53;1.8334;6;
96;20000000.0;0.0;15.05.2018;54;1.8388;6;
97;0.0;1000000.0;16.05.2018;55;1.85;6;
98;10000000.0;0.0;16.05.2018;55;1.85;6;
99;10000000.0;0.0;17.05.2018;56;1.8849;6;
100;0.0;10000000.0;17.05.2018;56;1.8849;6;
101;0.0;10000000.0;17.05.2018;56;1.8849;6;
102;0.0;10000000.0;21.05.2018;60;1.8921;7;
103;0.0;50000000.0;21.05.2018;60;1.8921;7;
104;0.0;20800000.0;21.05.2018;60;1.8921;7;
105;0.0;10000000.0;21.05.2018;60;1.8921;7;
106;10000000.0;0.0;23.05.2018;62;1.9198;7;
107;0.0;10000000.0;23.05.2018;62;1.9198;7;
108;25000000.0;0.0;23.05.2018;62;1.9198;7;
109;0.0;1000.0;24.05.2018;63;1.9436;7;
110;0.0;20800000.0;24.05.2018;63;1.9436;7;
111;20800000.0;0.0;24.05.2018;63;1.9436;7;
112;0.0;20700000.0;29.05.2018;68;1.9842;7;
113;12500000.0;0.0;01.06.2018;71;2.0063;7;
114;0.0;16600000.0;04.06.2018;74;2.0172;7;
115;0.0;50000000.0;17.05.2018;56;1.8849;6;
116;20800000.0;0.0;04.06.2018;74;2.0246;7;
117;0.0;21870000.0;04.06.2018;74;2.0246;7;
118;10000000.0;0.0;04.06.2018;74;2.0246;7;
119;10400000.0;0.0;04.06.2018;74;2.0246;7;
120;20900000.0;0.0;06.06.2018;76;2.0252;7;
121;10000000.0;0.0;07.06.2018;77;2.0349;7;
122;0.0;10000000.0;08.06.2018;78;2.0473;8;
123;0.0;50000000.0;11.06.2018;81;2.0573;8;
124;10400000.0;0.0;11.06.2018;81;2.0714;8;
125;0.0;50000000.0;11.06.2018;81;2.0714;8;
126;46300000.0;0.0;03.05.2018;42;1.787;6;
127;50900000.0;0.0;03.05.2018;42;1.787;6;
128;0.0;5200000.0;03.05.2018;42;1.787;6;
129;20800000.0;0.0;11.05.2018;50;1.8105;6;
130;50800000.0;0.0;14.05.2018;53;1.8334;6;
131;0.0;10000000.0;14.05.2018;53;1.8334;6;
132;10900000.0;0.0;15.05.2018;54;1.8388;6;
133;0.0;10000000.0;15.05.2018;54;1.8388;6;
134;0.0;6200000.0;15.05.2018;54;1.8388;6;
135;8300000.0;0.0;17.05.2018;56;1.8849;6;
136;10900000.0;0.0;17.05.2018;56;1.8849;6;
137;0.0;28600000.0;17.05.2018;56;1.8849;6;
138;3100000.0;0.0;17.05.2018;56;1.8849;6;
139;0.0;5500000.0;17.05.2018;56;1.8849;6;
140;0.0;31300000.0;18.05.2018;57;1.8849;6;
141;0.0;50000000.0;21.05.2018;60;1.8921;7;
142;0.0;31200000.0;22.05.2018;61;1.9039;7;
143;0.0;5000000.0;16.05.2018;55;1.85;6;
144;0.0;120000000.0;15.05.2018;54;1.8388;6;
145;0.0;5000000.0;25.05.2018;64;1.9436;7;
146;5000000.0;0.0;30.05.2018;69;1.9842;7;
147;0.0;21800000.0;30.05.2018;69;1.9842;7;
148;21000000.0;0.0;04.06.2018;74;2.0172;7;
149;0.0;34100000.0;01.06.2018;71;2.0063;7;
150;1000000.0;0.0;01.06.2018;71;2.0063;7;
151;60300000.0;0.0;07.06.2018;77;2.0349;7;
152;27000000.0;0.0;14.06.2018;84;2.1069;8;
153;40000000.0;0.0;15.05.2018;54;1.8388;6;
154;0.0;185600000.0;18.06.2018;88;2.1775;9;
155;10000000.0;0.0;18.06.2018;88;2.1775;9;
156;0.0;27000000.0;18.06.2018;88;2.1775;9;
157;15100000.0;0.0;21.06.2018;91;2.2225;11;
158;10000000.0;0.0;24.04.2018;33;1.7413;6;
159;2100000.0;0.0;24.04.2018;33;1.7413;6;
160;0.0;30000000.0;25.04.2018;34;1.7452;6;
161;0.0;10000000.0;25.04.2018;34;1.7452;6;
162;20800000.0;0.0;23.04.2018;32;1.7447;6;
163;0.0;40400000.0;15.05.2018;54;1.8388;6;
164;0.0;11000000.0;30.05.2018;69;1.9842;7;
165;18000000.0;0.0;01.06.2018;71;2.0063;7;
166;10000000.0;0.0;01.06.2018;71;2.0063;7;
167;50000000.0;0.0;04.06.2018;74;2.0246;7;
168;60900000.0;0.0;06.06.2018;76;2.0252;7;
169;24400000.0;0.0;07.06.2018;77;2.0349;7;
170;0.0;54200000.0;07.06.2018;77;2.0349;7;
171;42000000.0;0.0;07.06.2018;77;2.0349;7;
172;0.0;11100000.0;08.06.2018;78;2.0473;8;
173;11000000.0;0.0;11.06.2018;81;2.0714;8;
174;11000000.0;0.0;11.06.2018;81;2.0714;8;
175;0.0;1000000.0;15.06.2018;85;2.1245;8;
176;0.0;10000000.0;15.06.2018;85;2.1245;8;
177;21100000.0;0.0;18.06.2018;88;2.1775;9;
178;18000000.0;0.0;18.06.2018;88;2.1775;9;
179;0.0;100000000.0;19.06.2018;89;2.1775;9;
180;10000000.0;0.0;21.06.2018;91;2.2225;11;
181;10000000.0;0.0;21.06.2018;91;2.2225;11;
182;81500000.0;0.0;15.05.2018;54;1.9604;7;
183;11200000.0;0.0;24.04.2018;33;1.7413;6;
184;0.0;106000000.0;24.04.2018;33;1.7413;6;
185;0.0;11200000.0;26.04.2018;35;1.7525;6;
186;0.0;16800000.0;30.04.2018;39;1.7603;6;
187;18500000.0;0.0;30.04.2018;39;1.7603;6;
188;61600000.0;0.0;30.04.2018;39;1.7603;6;
189;0.0;50000000.0;30.04.2018;39;1.7669;6;
190;62100000.0;0.0;30.04.2018;39;1.7723;6;
191;0.0;50000000.0;30.04.2018;39;1.7723;6;
192;0.0;41250000.0;04.06.2018;74;2.0172;7;
193;0.0;41200000.0;30.04.2018;39;1.7723;6;
194;0.0;30000000.0;04.06.2018;74;2.0172;7;
195;56300000.0;0.0;01.05.2018;40;1.7734;6;
196;0.0;38400000.0;01.05.2018;40;1.7734;6;
197;0.0;108600000.0;02.05.2018;41;1.7778;6;
198;82000000.0;0.0;15.05.2018;54;1.9604;7;
199;0.0;106200000.0;08.05.2018;47;1.789;6;
200;31100000.0;0.0;08.05.2018;47;1.789;6;
201;21200000.0;0.0;08.05.2018;47;1.789;6;
202;21300000.0;0.0;08.05.2018;47;1.789;6;
203;56700000.0;0.0;08.05.2018;47;1.7935;6;
204;15500000.0;0.0;08.05.2018;47;1.7935;6;
205;0.0;56200000.0;08.05.2018;47;1.7907;6;
206;0.0;11300000.0;15.05.2018;54;1.8388;6;
207;28200000.0;0.0;15.05.2018;54;1.8388;6;
208;0.0;28200000.0;16.05.2018;55;1.85;6;
209;0.0;28300000.0;16.05.2018;55;1.85;6;
210;52400000.0;0.0;21.05.2018;60;1.8849;6;
211;0.0;53100000.0;29.05.2018;68;1.9436;7;
212;21300000.0;0.0;29.05.2018;68;1.9436;7;
213;21300000.0;0.0;01.06.2018;71;2.0063;7;
214;0.0;123000000.0;15.05.2018;54;1.9604;7;
215;0.0;250000000.0;04.06.2018;74;2.0172;7;
216;21300000.0;0.0;08.06.2018;78;2.0473;8;
217;11300000.0;0.0;08.06.2018;78;2.0473;8;
218;21300000.0;0.0;20.06.2018;90;2.2018;11;
219;37000000.0;0.0;17.05.2018;56;1.8849;6;
220;0.0;10000000.0;08.05.2018;47;1.787;6;
221;21000000.0;0.0;30.04.2018;39;1.7723;6;
222;43000000.0;0.0;08.05.2018;47;1.787;6;
223;0.0;20000000.0;11.06.2018;81;2.0573;8;
224;17750000.0;0.0;11.06.2018;81;2.0714;8;
225;0.0;11000000.0;13.06.2018;83;2.0888;8;
226;0.0;6000000.0;18.06.2018;88;2.145;9;
227;0.0;25000000.0;08.05.2018;47;1.7907;6;
228;41000000.0;0.0;14.05.2018;53;1.8105;6;
229;0.0;17000000.0;21.05.2018;60;1.8849;6;
230;0.0;11000000.0;29.05.2018;68;1.9563;7;
231;0.0;20000000.0;29.05.2018;68;1.9842;7;
232;0.0;22000000.0;20.06.2018;90;2.2018;11;
233;20000000.0;0.0;30.04.2018;39;1.7669;6;
234;28000000.0;0.0;30.04.2018;39;1.7723;6;
235;51100000.0;0.0;30.04.2018;39;1.7723;6;
236;22000000.0;0.0;04.05.2018;43;1.787;6;
237;0.0;10000000.0;07.05.2018;46;1.787;6;
238;0.0;20000000.0;10.05.2018;49;1.8105;6;
239;0.0;10000000.0;10.05.2018;49;1.8105;6;
240;0.0;10000000.0;18.05.2018;57;1.8849;6;
241;0.0;10000000.0;24.05.2018;63;1.9436;7;
242;50000000.0;0.0;24.05.2018;63;1.9436;7;
243;14500000.0;0.0;07.06.2018;77;2.0349;7;
244;0.0;50000000.0;12.06.2018;82;2.0714;8;
245;0.0;20000000.0;13.06.2018;83;2.0888;8;
246;0.0;20000000.0;21.06.2018;91;2.2225;11;
247;0.0;11100000.0;24.04.2018;33;1.7413;6;
248;35000000.0;0.0;27.04.2018;36;1.7669;6;
249;16000000.0;0.0;02.05.2018;41;1.7778;6;
250;0.0;20500000.0;21.05.2018;60;1.8849;6;
251;0.0;20000000.0;04.06.2018;74;2.0172;7;
252;31100000.0;0.0;11.06.2018;81;2.0714;8;
253;50000000.0;0.0;18.06.2018;88;2.145;9;
254;0.0;45300000.0;23.04.2018;32;1.7447;6;
255;8700000.0;0.0;24.04.2018;33;1.7413;6;
256;75000000.0;0.0;08.05.2018;47;1.787;6;
257;50000000.0;0.0;08.05.2018;47;1.787;6;
258;0.0;12800000.0;08.05.2018;47;1.787;6;
259;1100000.0;0.0;08.05.2018;47;1.789;6;
260;34800000.0;0.0;04.06.2018;74;2.0172;7;
261;21900000.0;0.0;08.06.2018;78;2.0473;8;
262;3900000.0;0.0;11.06.2018;81;2.0714;8;
263;0.0;17500000.0;18.06.2018;88;2.145;9;
264;0.0;80000000.0;03.05.2018;42;1.787;6;
265;123000000.0;0.0;30.04.2018;39;1.7723;6;
266;0.0;10900000.0;23.04.2018;32;1.7447;6;
267;0.0;60500000.0;23.04.2018;32;1.7447;6;
268;10900000.0;0.0;23.04.2018;32;1.7445;6;
269;0.0;26000000.0;23.04.2018;32;1.7445;6;
270;0.0;5400000.0;27.04.2018;36;1.7603;6;
271;59000000.0;0.0;29.05.2018;68;1.9842;7;
272;20600000.0;0.0;18.05.2018;57;1.8849;6;
273;0.0;41200000.0;21.05.2018;60;1.8849;6;
274;16400000.0;0.0;04.06.2018;74;2.0246;7;
275;28100000.0;0.0;11.06.2018;81;2.0714;8;
276;32800000.0;0.0;12.06.2018;82;2.0714;8;
277;100000000.0;0.0;15.06.2018;85;2.1245;8;
278;10900000.0;0.0;19.06.2018;89;2.1775;9;
279;10900000.0;0.0;19.06.2018;89;2.1775;9;
280;0.0;5400000.0;03.05.2018;42;1.787;6;
281;10300000.0;0.0;30.04.2018;39;1.7723;6;
282;31000000.0;0.0;03.05.2018;42;1.787;6;
283;10900000.0;0.0;03.05.2018;42;1.787;6;
284;0.0;20600000.0;08.05.2018;47;1.787;6;
285;10900000.0;0.0;08.05.2018;47;1.7935;6;
286;0.0;20500000.0;10.05.2018;49;1.8105;6;
287;0.0;20700000.0;21.05.2018;60;1.8849;6;
288;18600000.0;0.0;21.05.2018;60;1.8921;7;
289;0.0;20600000.0;24.05.2018;63;1.9436;7;
290;0.0;20600000.0;29.05.2018;68;1.9436;7;
291;14400000.0;0.0;29.05.2018;68;1.9436;7;
292;10300000.0;0.0;29.05.2018;68;1.9842;7;
293;0.0;10300000.0;29.05.2018;68;1.9842;7;
294;10300000.0;0.0;01.06.2018;71;2.0063;7;
295;0.0;20600000.0;04.06.2018;74;2.0172;7;
296;0.0;10300000.0;04.06.2018;74;2.0172;7;
297;10300000.0;0.0;04.06.2018;74;2.0246;7;
298;21200000.0;0.0;08.05.2018;47;1.787;6;
299;22600000.0;0.0;08.05.2018;47;1.789;6;
300;53000000.0;0.0;08.05.2018;47;1.7907;6;
301;0.0;81800000.0;15.05.2018;54;1.9604;7;
302;0.0;5600000.0;08.05.2018;47;1.7907;6;
303;105800000.0;0.0;08.05.2018;47;1.7907;6;
304;0.0;56100000.0;08.05.2018;47;1.7907;6;
305;22600000.0;0.0;14.05.2018;53;1.8105;6;
306;21200000.0;0.0;14.05.2018;53;1.82;6;
307;0.0;10600000.0;14.05.2018;53;1.82;6;
308;0.0;21200000.0;15.05.2018;54;1.8388;6;
309;0.0;53100000.0;15.05.2018;54;1.8388;6;
310;0.0;28200000.0;16.05.2018;55;1.85;6;
311;0.0;52000000.0;07.06.2018;77;2.0349;7;
312;0.0;11000000.0;11.06.2018;81;2.0714;8;
313;0.0;11000000.0;12.06.2018;82;2.0714;8;
314;158000000.0;0.0;14.06.2018;84;2.1069;8;
315;0.0;42100000.0;15.06.2018;85;2.1245;8;
316;11000000.0;0.0;15.06.2018;85;2.1245;8;
317;0.0;21100000.0;18.06.2018;88;2.1775;9;
318;0.0;18000000.0;18.06.2018;88;2.1775;9;
319;50000000.0;0.0;19.06.2018;89;2.1775;9;
320;15000000.0;0.0;21.06.2018;91;2.2225;11;
321;5600000.0;0.0;23.04.2018;32;1.7445;6;
322;0.0;11200000.0;23.04.2018;32;1.7445;6;
323;56200000.0;0.0;24.04.2018;33;1.7413;6;
324;0.0;31800000.0;24.04.2018;33;1.7413;6;
325;11200000.0;0.0;25.04.2018;34;1.7452;6;
326;46400000.0;0.0;30.04.2018;39;1.7603;6;
327;0.0;14400000.0;30.04.2018;39;1.7603;6;
328;0.0;68500000.0;30.04.2018;39;1.7603;6;
329;61600000.0;0.0;30.04.2018;39;1.7603;6;
330;20700000.0;0.0;30.04.2018;39;1.7603;6;
331;48700000.0;0.0;30.04.2018;39;1.7669;6;
332;12700000.0;0.0;30.04.2018;39;1.7723;6;
333;37100000.0;0.0;30.04.2018;39;1.7723;6;
334;0.0;155100000.0;01.05.2018;40;1.7734;6;
335;34600000.0;0.0;01.05.2018;40;1.7734;6;
336;56500000.0;0.0;08.05.2018;47;1.789;6;
337;45200000.0;0.0;08.05.2018;47;1.789;6;
338;0.0;106402630.0;08.05.2018;47;1.7935;6;
339;0.0;28100000.0;08.05.2018;47;1.7907;6;
340;51700000.0;0.0;08.05.2018;47;1.7907;6;
341;5600000.0;0.0;08.05.2018;47;1.7907;6;
342;0.0;20800000.0;25.04.2018;34;1.7452;6;
343;20000000.0;0.0;26.04.2018;35;1.7525;6;
344;51900000.0;0.0;26.04.2018;35;1.7525;6;
345;0.0;20100000.0;27.04.2018;36;1.7603;6;
346;27400000.0;0.0;27.04.2018;36;1.7603;6;
347;27500000.0;0.0;27.04.2018;36;1.7603;6;
348;18900000.0;0.0;30.04.2018;39;1.7669;6;
349;0.0;10000000.0;30.04.2018;39;1.7669;6;
350;0.0;4000000.0;30.04.2018;39;1.7669;6;
351;0.0;1000000.0;30.04.2018;39;1.7669;6;
352;0.0;12000000.0;30.04.2018;39;1.7723;6;
353;6000000.0;0.0;01.05.2018;40;1.7734;6;
354;35000000.0;0.0;22.05.2018;61;1.9039;7;
355;54000000.0;0.0;05.06.2018;75;2.0246;7;
356;0.0;16000000.0;05.06.2018;75;2.0246;7;
357;0.0;25500000.0;06.06.2018;76;2.0252;7;
358;41000000.0;0.0;11.06.2018;81;2.0714;8;
359;102000000.0;0.0;18.06.2018;88;2.1775;9;
360;30900000.0;0.0;23.04.2018;32;1.7447;6;
361;12700000.0;0.0;24.04.2018;33;1.7413;6;
362;29800000.0;0.0;04.05.2018;43;1.787;6;
363;0.0;12800000.0;08.05.2018;47;1.787;6;
364;33000000.0;0.0;08.05.2018;47;1.7907;6;
365;102800000.0;0.0;21.05.2018;60;1.8849;6;
366;31000000.0;0.0;04.06.2018;74;2.0172;7;
367;10300000.0;0.0;23.04.2018;32;1.7447;6;
368;20500000.0;0.0;23.04.2018;32;1.7447;6;
369;41000000.0;0.0;23.04.2018;32;1.7447;6;
370;30800000.0;0.0;23.04.2018;32;1.7445;6;
371;0.0;40000000.0;27.04.2018;36;1.5622;4;
372;0.0;22000000.0;18.05.2018;57;1.8849;6;
373;0.0;24700000.0;29.05.2018;68;1.9842;7;
374;0.0;61900000.0;12.06.2018;82;2.0714;8;
375;10900000.0;0.0;15.06.2018;85;2.1245;8;
376;43400000.0;0.0;18.06.2018;88;2.1775;9;
377;0.0;30800000.0;26.04.2018;35;1.7525;6;
378;0.0;10800000.0;30.04.2018;39;1.7603;6;
379;0.0;12700000.0;03.05.2018;42;1.787;6;
380;10200000.0;0.0;08.05.2018;47;1.787;6;
381;10200000.0;0.0;08.05.2018;47;1.787;6;
382;10300000.0;0.0;08.05.2018;47;1.789;6;
383;10200000.0;0.0;09.05.2018;48;1.7999;6;
384;10300000.0;0.0;11.05.2018;50;1.8105;6;
385;10300000.0;0.0;14.05.2018;53;1.82;6;
386;0.0;20600000.0;21.05.2018;60;1.8849;6;
387;0.0;27500000.0;21.05.2018;60;1.8849;6;
388;10300000.0;0.0;23.05.2018;62;1.9198;7;
389;20600000.0;0.0;04.06.2018;74;2.0172;7;
390;19100000.0;0.0;04.06.2018;74;2.0246;7;
391;0.0;10900000.0;04.06.2018;74;2.0246;7;
392;0.0;103000000.0;04.06.2018;74;2.0246;7;
393;10300000.0;0.0;11.06.2018;81;2.0573;8;
394;10300000.0;0.0;11.06.2018;81;2.0714;8;
395;0.0;10400000.0;12.06.2018;82;2.0714;8;
396;0.0;10300000.0;12.06.2018;82;2.0714;8;
397;10300000.0;0.0;13.06.2018;83;2.0888;8;
398;10300000.0;0.0;13.06.2018;83;2.0888;8;
399;5400000.0;0.0;18.06.2018;88;2.1775;9;
400;10900000.0;0.0;20.06.2018;90;2.2018;11;
401;0.0;2100000.0;24.04.2018;33;1.7413;6;
402;16000000.0;0.0;24.04.2018;33;1.7413;6;
403;0.0;30000000.0;27.04.2018;36;1.7603;6;
404;0.0;20500000.0;30.04.2018;39;1.7603;6;
405;10500000.0;0.0;13.06.2018;83;2.0888;8;
406;0.0;33600000.0;13.06.2018;83;2.0888;8;
407;25000000.0;0.0;13.06.2018;83;2.0888;8;
408;0.0;250000000.0;13.06.2018;83;2.0888;8;
409;20900000.0;0.0;14.06.2018;84;2.1069;8;
410;0.0;10500000.0;14.06.2018;84;2.1069;8;
411;0.0;10000000.0;14.06.2018;84;2.1069;8;
412;20000000.0;0.0;14.06.2018;84;2.1069;8;
413;350000000.0;0.0;14.06.2018;84;2.1069;8;
414;0.0;30800000.0;03.05.2018;42;1.787;6;
415;0.0;20500000.0;04.05.2018;43;1.787;6;
416;0.0;14300000.0;08.05.2018;47;1.787;6;
417;10200000.0;0.0;08.05.2018;47;1.787;6;
418;10200000.0;0.0;09.05.2018;48;1.7999;6;
419;10300000.0;0.0;09.05.2018;48;1.7999;6;
420;0.0;10300000.0;11.05.2018;50;1.8105;6;
421;0.0;10300000.0;14.05.2018;53;1.8105;6;
422;20600000.0;0.0;21.05.2018;60;1.8849;6;
423;51500000.0;0.0;21.05.2018;60;1.8849;6;
424;0.0;31000000.0;21.05.2018;60;1.8849;6;
425;20600000.0;0.0;23.05.2018;62;1.9198;7;
426;0.0;20600000.0;04.06.2018;74;2.0172;7;
427;10800000.0;0.0;04.06.2018;74;2.0246;7;
428;54500000.0;0.0;04.06.2018;74;2.0246;7;
429;0.0;20700000.0;05.06.2018;75;2.0246;7;
430;3700000.0;0.0;11.06.2018;81;2.0573;8;
431;10300000.0;0.0;11.06.2018;81;2.0714;8;
432;10300000.0;0.0;11.06.2018;81;2.0714;8;
433;52000000.0;0.0;13.06.2018;83;2.0888;8;
434;0.0;20700000.0;13.06.2018;83;2.0888;8;
435;0.0;10300000.0;18.06.2018;88;2.145;9;
436;0.0;15500000.0;18.06.2018;88;2.1775;9;
437;38000000.0;0.0;19.06.2018;89;2.1775;9;
438;26900000.0;0.0;23.04.2018;32;1.7447;6;
439;0.0;31000000.0;24.04.2018;33;1.7413;6;
440;10300000.0;0.0;01.05.2018;40;1.7734;6;
441;0.0;10300000.0;01.05.2018;40;1.7734;6;
442;5100000.0;0.0;01.05.2018;40;1.7734;6;
443;123500000.0;0.0;01.05.2018;40;1.7734;6;
444;0.0;5100000.0;08.05.2018;47;1.787;6;
445;0.0;15500000.0;11.05.2018;50;1.8105;6;
446;10300000.0;0.0;11.05.2018;50;1.8105;6;
447;10300000.0;0.0;14.05.2018;53;1.8334;6;
448;0.0;21300000.0;21.06.2018;91;2.2225;11;
449;21300000.0;0.0;22.06.2018;92;2.2481;11;
450;150000000.0;0.0;14.05.2018;53;1.8105;6;
451;15000000.0;0.0;29.05.2018;68;1.9842;7;
452;12300000.0;0.0;29.05.2018;68;1.9842;7;
453;0.0;10300000.0;29.05.2018;68;1.9842;7;
454;4600000.0;0.0;01.06.2018;71;2.0063;7;
455;10300000.0;0.0;04.06.2018;74;2.0172;7;
456;0.0;21000000.0;04.06.2018;74;2.0246;7;
457;0.0;20500000.0;04.06.2018;74;2.0246;7;
458;12300000.0;0.0;04.06.2018;74;2.0246;7;
459;14400000.0;0.0;08.06.2018;78;2.0473;8;
460;30800000.0;0.0;11.06.2018;81;2.0714;8;
461;10300000.0;0.0;14.06.2018;84;2.1069;8;
462;0.0;20600000.0;21.06.2018;91;2.2225;11;
463;0.0;7500000.0;23.04.2018;32;1.7445;6;
464;10200000.0;0.0;27.04.2018;36;1.7603;6;
465;20500000.0;0.0;02.05.2018;41;1.7778;6;
466;0.0;20500000.0;03.05.2018;42;1.787;6;
467;0.0;10300000.0;04.05.2018;43;1.787;6;
468;10800000.0;0.0;09.05.2018;48;1.7999;6;
469;0.0;41200000.0;10.05.2018;49;1.8105;6;
470;0.0;54500000.0;16.05.2018;55;1.85;6;
471;10200000.0;0.0;17.05.2018;56;1.8849;6;
472;10900000.0;0.0;17.05.2018;56;1.8849;6;
473;76000000.0;0.0;18.05.2018;57;1.236;2;
474;0.0;12400000.0;29.05.2018;68;1.9563;7;
475;10300000.0;0.0;07.06.2018;77;2.0349;7;
476;6000000.0;0.0;07.06.2018;77;2.0349;7;
477;12400000.0;0.0;11.06.2018;81;2.0714;8;
478;10300000.0;0.0;11.06.2018;81;2.0714;8;
479;10300000.0;0.0;18.06.2018;88;2.1775;9;
480;0.0;10500000.0;23.04.2018;32;1.7445;6;
481;0.0;40000000.0;23.04.2018;32;1.7445;6;
482;10300000.0;0.0;08.05.2018;47;1.7935;6;
483;14400000.0;0.0;11.05.2018;50;1.8105;6;
484;0.0;10300000.0;11.05.2018;50;1.8105;6;
485;10300000.0;0.0;11.05.2018;50;1.8105;6;
486;0.0;16500000.0;14.05.2018;53;1.8334;6;
487;0.0;44000000.0;21.05.2018;60;1.8921;7;
488;0.0;4100000.0;21.05.2018;60;1.8921;7;
489;10900000.0;0.0;22.05.2018;61;1.9039;7;
490;10300000.0;0.0;29.05.2018;68;1.9563;7;
491;0.0;30900000.0;29.05.2018;68;1.9842;7;
492;0.0;11000000.0;08.06.2018;78;2.0473;8;
493;0.0;10300000.0;08.06.2018;78;2.0473;8;
494;5500000.0;0.0;11.06.2018;81;2.0573;8;
495;20700000.0;0.0;11.06.2018;81;2.0714;8;
496;10400000.0;0.0;12.06.2018;82;2.0714;8;
497;10400000.0;0.0;15.06.2018;85;2.1245;8;
498;20700000.0;0.0;19.06.2018;89;2.1775;9;
499;20700000.0;0.0;23.04.2018;32;1.7445;6;
500;0.0;10300000.0;23.04.2018;32;1.7445;6;
501;0.0;300000000.0;30.04.2018;39;1.8278;6;
502;53100000.0;0.0;16.05.2018;55;1.85;6;
503;0.0;18000000.0;21.05.2018;60;1.8725;6;
504;0.0;31100000.0;21.05.2018;60;1.8849;6;
505;41000000.0;0.0;15.05.2018;54;1.9604;7;
506;0.0;28300000.0;22.05.2018;61;1.9039;7;
507;0.0;100000000.0;22.05.2018;61;1.9039;7;
508;82000000.0;0.0;15.05.2018;54;1.9604;7;
509;0.0;250000000.0;29.05.2018;68;1.9436;7;
510;21300000.0;0.0;01.06.2018;71;2.0063;7;
511;0.0;55200000.0;05.06.2018;75;2.0246;7;
512;0.0;1000000.0;08.06.2018;78;2.0473;8;
513;27200000.0;0.0;11.06.2018;81;2.0714;8;
514;0.0;29400000.0;18.06.2018;88;2.1775;9;
515;0.0;30800000.0;21.06.2018;91;2.2225;11;
516;0.0;20600000.0;09.05.2018;48;1.7999;6;
517;16000000.0;0.0;30.04.2018;39;1.7723;6;
518;0.0;79600000.0;30.04.2018;39;1.7723;6;
519;0.0;103300000.0;08.06.2018;78;2.0473;8;
520;0.0;108300000.0;11.06.2018;81;2.0573;8;
521;103000000.0;0.0;11.06.2018;81;2.0714;8;
522;0.0;124000000.0;31.05.2018;70;1.9842;7;
523;79000000.0;0.0;30.05.2018;69;1.9842;7;
524;103100000.0;0.0;21.06.2018;91;2.2225;11;
525;248000000.0;0.0;31.05.2018;70;1.9842;7;
526;53200000.0;0.0;16.05.2018;55;1.85;6;
527;21300000.0;0.0;21.05.2018;60;1.8725;6;
528;204500000.0;0.0;22.05.2018;61;1.9039;7;
529;250000000.0;0.0;29.05.2018;68;1.9436;7;
530;0.0;20000000.0;29.05.2018;68;1.9842;7;
531;0.0;21300000.0;04.06.2018;74;2.0172;7;
532;0.0;56700000.0;04.06.2018;74;2.0172;7;
533;49700000.0;0.0;05.06.2018;75;2.0246;7;
534;21300000.0;0.0;08.06.2018;78;2.0473;8;
535;71000000.0;0.0;11.06.2018;81;2.0573;8;
536;0.0;56600000.0;15.06.2018;85;2.1245;8;
537;45200000.0;0.0;15.06.2018;85;2.1245;8;
538;0.0;21300000.0;18.06.2018;88;2.145;9;
539;18000000.0;0.0;22.06.2018;92;2.2481;11;
540;0.0;22100000.0;14.05.2018;53;1.8105;6;
541;77000000.0;0.0;30.05.2018;69;1.9842;7;
542;0.0;77000000.0;30.05.2018;69;1.9842;7;
543;30600000.0;0.0;01.06.2018;71;2.0063;7;
544;0.0;53200000.0;15.06.2018;85;2.1245;8;
545;0.0;204000000.0;21.06.2018;91;2.2225;11;
546;0.0;30600000.0;23.04.2018;32;1.7447;6;
547;10200000.0;0.0;26.04.2018;35;1.7525;6;
548;0.0;10200000.0;27.04.2018;36;1.7603;6;
549;0.0;53100000.0;30.04.2018;39;1.7603;6;
550;0.0;20400000.0;14.05.2018;53;1.82;6;
551;14300000.0;0.0;17.05.2018;56;1.8849;6;
552;50000000.0;0.0;24.05.2018;63;1.9436;7;
553;10200000.0;0.0;29.05.2018;68;1.9436;7;
554;0.0;10300000.0;29.05.2018;68;1.9563;7;
555;0.0;16400000.0;31.05.2018;70;1.9842;7;
556;0.0;106100000.0;06.06.2018;76;2.0252;7;
557;52800000.0;0.0;11.06.2018;81;2.0573;8;
558;191300000.0;0.0;15.05.2018;54;1.8388;6;
559;0.0;230000000.0;11.06.2018;81;2.0573;8;
560;0.0;20600000.0;11.06.2018;81;2.0573;8;
561;62000000.0;0.0;15.05.2018;54;1.6162;4;
562;54400000.0;0.0;11.06.2018;81;2.0714;8;
563;250000000.0;0.0;23.04.2018;32;1.7447;6;
564;18300000.0;0.0;23.04.2018;32;1.7447;6;
565;0.0;15700000.0;30.04.2018;39;1.7603;6;
566;0.0;1000000.0;02.05.2018;41;1.7778;6;
567;6500000.0;0.0;04.05.2018;43;1.787;6;
568;0.0;14200000.0;08.05.2018;47;1.7907;6;
569;30600000.0;0.0;11.05.2018;50;1.8105;6;
570;50400000.0;0.0;25.05.2018;64;1.9436;7;
571;14300000.0;0.0;31.05.2018;70;1.9842;7;
572;10200000.0;0.0;04.06.2018;74;2.0172;7;
573;0.0;14300000.0;06.06.2018;76;2.0252;7;
574;153500000.0;0.0;16.05.2018;55;1.85;6;
575;55000000.0;0.0;16.05.2018;55;1.85;6;
576;0.0;55000000.0;18.06.2018;88;2.145;9;
577;149100000.0;0.0;16.05.2018;55;1.85;6;
578;0.0;77000000.0;16.05.2018;55;1.85;6;
579;183900000.0;0.0;29.05.2018;68;1.9842;7;
580;0.0;173500000.0;16.05.2018;55;1.85;6;
581;0.0;51200000.0;17.05.2018;56;1.6181;4;
582;20600000.0;0.0;21.05.2018;60;1.8921;7;
583;79700000.0;0.0;22.05.2018;61;1.9039;7;
584;0.0;10300000.0;22.05.2018;61;1.9039;7;
585;10300000.0;0.0;22.05.2018;61;1.9039;7;
586;29900000.0;0.0;23.05.2018;62;1.9198;7;
587;0.0;6200000.0;23.05.2018;62;1.9198;7;
588;0.0;12400000.0;25.05.2018;64;1.9436;7;
589;0.0;100000000.0;25.05.2018;64;1.9436;7;
590;10300000.0;0.0;25.05.2018;64;1.9436;7;
591;4500000.0;0.0;25.05.2018;64;1.9436;7;
592;0.0;8300000.0;25.05.2018;64;1.9436;7;
593;0.0;8300000.0;29.05.2018;68;1.9842;7;
594;8300000.0;0.0;01.06.2018;71;2.0063;7;
595;109000000.0;0.0;01.06.2018;71;2.0063;7;
596;12400000.0;0.0;04.06.2018;74;2.0172;7;
597;0.0;16600000.0;06.06.2018;76;2.0252;7;
598;0.0;16600000.0;06.06.2018;76;2.0252;7;
599;0.0;20700000.0;08.06.2018;78;2.0473;8;
600;207100000.0;0.0;08.06.2018;78;2.0473;8;
601;10000000.0;0.0;12.06.2018;82;2.0714;8;
602;0.0;230000000.0;12.06.2018;82;2.0714;8;
603;0.0;20000000.0;13.06.2018;83;2.0888;8;
604;0.0;115000000.0;13.06.2018;83;2.0888;8;
605;0.0;41500000.0;14.06.2018;84;2.1069;8;
606;0.0;12400000.0;15.06.2018;85;2.1245;8;
607;0.0;12000000.0;15.06.2018;85;2.1245;8;
608;0.0;14500000.0;15.06.2018;85;2.1245;8;
609;31100000.0;0.0;15.06.2018;85;2.1245;8;
610;207400000.0;0.0;18.06.2018;88;2.145;9;
611;8300000.0;0.0;18.06.2018;88;2.145;9;
612;20800000.0;0.0;19.06.2018;89;2.1775;9;
613;0.0;15000000.0;21.06.2018;91;2.2225;11;
614;0.0;84000000.0;01.05.2018;40;1.7734;6;
615;54000000.0;0.0;01.05.2018;40;1.7734;6;
616;0.0;2600000.0;01.05.2018;40;1.7734;6;
617;10300000.0;0.0;08.05.2018;47;1.787;6;
618;5100000.0;0.0;08.05.2018;47;1.7935;6;
619;0.0;14400000.0;11.05.2018;50;1.8105;6;
620;0.0;20600000.0;11.05.2018;50;1.8105;6;
621;10300000.0;0.0;14.05.2018;53;1.8334;6;
622;10300000.0;0.0;21.05.2018;60;1.8849;6;
623;10300000.0;0.0;21.05.2018;60;1.8921;7;
624;0.0;6200000.0;21.05.2018;60;1.8921;7;
625;0.0;20600000.0;29.05.2018;68;1.9436;7;
626;10300000.0;0.0;04.06.2018;74;2.0246;7;
627;0.0;100000000.0;04.06.2018;74;2.0246;7;
628;0.0;5500000.0;08.06.2018;78;2.0473;8;
629;51500000.0;0.0;08.06.2018;78;2.0473;8;
630;10300000.0;0.0;11.06.2018;81;2.0573;8;
631;11000000.0;0.0;11.06.2018;81;2.0714;8;
632;10300000.0;0.0;15.06.2018;85;2.1245;8;
633;25600000.0;0.0;18.06.2018;88;2.1775;9;
634;11000000.0;0.0;19.06.2018;89;2.1775;9;
635;0.0;20600000.0;30.04.2018;39;1.7603;6;
636;30900000.0;0.0;30.04.2018;39;1.7669;6;
637;100000000.0;0.0;04.06.2018;74;1.245;2;
638;0.0;16500000.0;14.05.2018;53;1.8334;6;
639;0.0;10900000.0;14.05.2018;53;1.8334;6;
640;0.0;10900000.0;22.05.2018;61;1.9039;7;
641;14400000.0;0.0;29.05.2018;68;1.9842;7;
642;21000000.0;0.0;04.06.2018;74;2.0246;7;
643;25000000.0;0.0;04.06.2018;74;2.0246;7;
644;10300000.0;0.0;11.06.2018;81;2.0573;8;
645;10300000.0;0.0;11.06.2018;81;2.0714;8;
646;0.0;10400000.0;15.06.2018;85;2.1245;8;
647;0.0;10400000.0;15.06.2018;85;2.1245;8;
648;0.0;20700000.0;18.06.2018;88;2.1775;9;
649;14031.34;0.0;05.06.2018;75;3.1625;17;
650;0.0;15.05;05.06.2018;75;3.1625;17;
651;10300000.0;0.0;27.04.2018;36;1.7603;6;
652;10700000.0;0.0;30.04.2018;39;1.7603;6;
653;12800000.0;0.0;03.05.2018;42;1.787;6;
654;0.0;10300000.0;08.05.2018;47;1.789;6;
655;10300000.0;0.0;08.05.2018;47;1.789;6;
656;0.0;10300000.0;09.05.2018;48;1.7999;6;
657;10200000.0;0.0;09.05.2018;48;1.7999;6;
658;14400000.0;0.0;10.05.2018;49;1.8105;6;
659;20600000.0;0.0;21.05.2018;60;1.8849;6;
660;28000000.0;0.0;23.05.2018;62;1.9198;7;
661;51500000.0;0.0;04.06.2018;74;2.0172;7;
662;8100000.0;0.0;04.06.2018;74;2.0246;7;
663;0.0;10300000.0;04.06.2018;74;2.0246;7;
664;15500000.0;0.0;04.06.2018;74;2.0246;7;
665;0.0;10300000.0;06.06.2018;76;2.0252;7;
666;0.0;10300000.0;12.06.2018;82;2.0714;8;
667;10300000.0;0.0;13.06.2018;83;2.0888;8;
668;0.0;27500000.0;13.06.2018;83;2.0888;8;
669;0.0;20700000.0;18.06.2018;88;2.145;9;
670;5400000.0;0.0;18.06.2018;88;2.145;9;
671;0.0;51250000.0;23.04.2018;32;1.7447;6;
672;10300000.0;0.0;23.04.2018;32;1.7445;6;
673;5400000.0;0.0;24.04.2018;33;1.7413;6;
674;17000000.0;0.0;27.04.2018;36;1.7603;6;
675;10300000.0;0.0;27.04.2018;36;1.7603;6;
676;98000000.0;0.0;01.05.2018;40;1.7734;6;
677;0.0;102800000.0;01.05.2018;40;1.7734;6;
678;10300000.0;0.0;01.05.2018;40;1.7734;6;
679;10300000.0;0.0;01.05.2018;40;1.7734;6;
680;0.0;10500000.0;23.04.2018;32;1.7445;6;
681;0.0;20900000.0;23.04.2018;32;1.7445;6;
682;0.0;20900000.0;23.04.2018;32;1.7445;6;
683;0.0;9000000.0;25.04.2018;34;1.7452;6;
684;0.0;10000000.0;26.04.2018;35;1.7525;6;
685;55000000.0;0.0;27.04.2018;36;1.7603;6;
686;16700000.0;0.0;26.04.2018;35;1.7525;6;
687;0.0;54800000.0;26.04.2018;35;1.7525;6;
688;50000000.0;0.0;26.04.2018;35;1.7525;6;
689;24500000.0;0.0;27.04.2018;36;1.7603;6;
690;16700000.0;0.0;27.04.2018;36;1.7603;6;
691;109800000.0;0.0;27.04.2018;36;1.7603;6;
692;0.0;10400000.0;30.04.2018;39;1.7603;6;
693;2100000.0;0.0;03.05.2018;42;1.787;6;
694;16000000.0;0.0;04.05.2018;43;1.787;6;
695;0.0;20800000.0;04.05.2018;43;1.787;6;
696;2100000.0;0.0;09.05.2018;48;1.7999;6;
697;0.0;10400000.0;10.05.2018;49;1.8105;6;
698;50000000.0;0.0;10.05.2018;49;1.8105;6;
699;0.0;10500000.0;14.05.2018;53;1.8105;6;
700;0.0;10500000.0;15.05.2018;54;1.8388;6;
701;0.0;10500000.0;16.05.2018;55;1.85;6;
702;0.0;218900000.0;21.05.2018;60;1.8849;6;
703;150800000.0;0.0;21.05.2018;60;1.8849;6;
704;0.0;55900000.0;21.05.2018;60;1.8849;6;
705;10000000.0;0.0;07.06.2018;77;2.0349;7;
706;0.0;10400000.0;23.04.2018;32;1.7447;6;
707;14600000.0;0.0;25.04.2018;34;1.7452;6;
708;50000000.0;0.0;26.04.2018;35;1.7525;6;
709;25000000.0;0.0;27.04.2018;36;1.7603;6;
710;6400000.0;0.0;30.04.2018;39;1.7603;6;
711;0.0;10400000.0;02.05.2018;41;1.7778;6;
712;0.0;54800000.0;02.05.2018;41;1.7778;6;
713;50000000.0;0.0;02.05.2018;41;1.7778;6;
714;10400000.0;0.0;03.05.2018;42;1.787;6;
715;16700000.0;0.0;03.05.2018;42;1.787;6;
716;0.0;50000000.0;08.05.2018;47;1.787;6;
717;20500000.0;0.0;08.05.2018;47;1.7907;6;
718;6000000.0;0.0;08.05.2018;47;1.7907;6;
719;0.0;20000000.0;09.05.2018;48;1.7999;6;
720;0.0;10400000.0;10.05.2018;49;1.8105;6;
721;2500000.0;0.0;15.05.2018;54;1.8388;6;
722;7600000.0;0.0;15.05.2018;54;1.8388;6;
723;0.0;42000000.0;16.05.2018;55;1.85;6;
724;0.0;55000000.0;16.05.2018;55;1.85;6;
725;0.0;37500000.0;21.05.2018;60;1.8849;6;
726;91000000.0;0.0;21.05.2018;60;1.8849;6;
727;0.0;14600000.0;22.05.2018;61;1.9039;7;
728;0.0;26200000.0;22.05.2018;61;1.9039;7;
729;10500000.0;0.0;24.05.2018;63;1.9436;7;
730;20800000.0;0.0;25.05.2018;64;1.9436;7;
731;10500000.0;0.0;25.05.2018;64;1.9436;7;
732;0.0;10500000.0;29.05.2018;68;1.9436;7;
733;11000000.0;0.0;30.05.2018;69;1.9842;7;
734;0.0;10000000.0;01.06.2018;71;2.0063;7;
735;0.0;100000000.0;04.06.2018;74;2.0172;7;
736;0.0;20800000.0;04.06.2018;74;2.0172;7;
737;0.0;10000000.0;04.06.2018;74;2.0172;7;
738;11000000.0;0.0;11.06.2018;81;2.0573;8;
739;11000000.0;0.0;12.06.2018;82;2.0714;8;
740;0.0;11000000.0;18.06.2018;88;2.145;9;
741;0.0;10400000.0;18.06.2018;88;2.145;9;
742;0.0;19100000.0;19.06.2018;89;2.1775;9;
743;10000000.0;0.0;19.06.2018;89;2.1775;9;
744;8800000.0;0.0;19.06.2018;89;2.1775;9;
745;22000000.0;0.0;19.06.2018;89;2.1775;9;
746;0.0;25000000.0;21.06.2018;91;2.2225;11;
747;10400000.0;0.0;23.04.2018;32;1.7447;6;
748;10400000.0;0.0;24.04.2018;33;1.7413;6;
749;10400000.0;0.0;24.04.2018;33;1.7413;6;
750;0.0;14600000.0;25.04.2018;34;1.7452;6;
751;0.0;20500000.0;23.04.2018;32;1.7447;6;
752;0.0;5000000.0;23.04.2018;32;1.7447;6;
753;0.0;26700000.0;23.04.2018;32;1.7447;6;
754;0.0;117000000.0;30.05.2018;69;1.9842;7;
755;78100000.0;0.0;30.05.2018;69;1.9842;7;
756;0.0;75000000.0;23.04.2018;32;1.7447;6;
757;2100000.0;0.0;01.05.2018;40;1.7734;6;
758;16000000.0;0.0;08.05.2018;47;1.787;6;
759;102200000.0;0.0;08.05.2018;47;1.7907;6;
760;10200000.0;0.0;09.05.2018;48;1.7999;6;
761;0.0;10200000.0;10.05.2018;49;1.8105;6;
762;152800000.0;0.0;10.05.2018;49;1.8105;6;
763;10600000.0;0.0;14.05.2018;53;1.8105;6;
764;101800000.0;0.0;14.05.2018;53;1.8105;6;
765;0.0;10500000.0;16.05.2018;55;1.85;6;
766;0.0;77000000.0;30.05.2018;69;1.9842;7;
767;10200000.0;0.0;16.05.2018;55;1.85;6;
768;0.0;102000000.0;21.05.2018;60;1.8849;6;
769;101900000.0;0.0;23.05.2018;62;1.9198;7;
770;0.0;20400000.0;29.05.2018;68;1.9436;7;
771;20400000.0;0.0;29.05.2018;68;1.9842;7;
772;0.0;10500000.0;01.06.2018;71;2.0063;7;
773;20500000.0;0.0;08.06.2018;78;2.0473;8;
774;12300000.0;0.0;15.06.2018;85;2.1245;8;
775;0.0;20500000.0;18.06.2018;88;2.1775;9;
776;53100000.0;0.0;18.06.2018;88;2.1775;9;
777;101900000.0;0.0;23.04.2018;32;1.7447;6;
778;14300000.0;0.0;25.04.2018;34;1.7452;6;
779;12300000.0;0.0;26.04.2018;35;1.7525;6;
780;0.0;20500000.0;27.04.2018;36;1.7603;6;
781;0.0;12700000.0;14.05.2018;53;1.82;6;
782;6100000.0;0.0;17.05.2018;56;1.8849;6;
783;10200000.0;0.0;21.05.2018;60;1.8849;6;
784;50000000.0;0.0;29.05.2018;68;1.9436;7;
785;20500000.0;0.0;04.06.2018;74;2.0172;7;
786;171900000.0;0.0;06.06.2018;76;2.0252;7;
787;0.0;10200000.0;07.06.2018;77;2.0349;7;
788;0.0;102100000.0;11.06.2018;81;2.0573;8;
789;0.0;230000000.0;11.06.2018;81;2.0573;8;
790;0.0;320000000.0;11.06.2018;81;1.7225;5;
791;20600000.0;0.0;11.06.2018;81;2.0714;8;
792;0.0;10200000.0;25.04.2018;34;1.7452;6;
793;1000000.0;0.0;27.04.2018;36;1.7603;6;
794;0.0;8200000.0;30.04.2018;39;1.7603;6;
795;15700000.0;0.0;04.05.2018;43;1.787;6;
796;0.0;50000000.0;09.05.2018;48;1.7999;6;
797;12200000.0;0.0;18.05.2018;57;1.8849;6;
798;0.0;45700000.0;25.05.2018;64;1.9436;7;
799;0.0;38000000.0;25.05.2018;64;1.9436;7;
800;40000000.0;0.0;31.05.2018;70;2.5442;12;
801;10800000.0;0.0;01.06.2018;71;2.0063;7;
802;0.0;10200000.0;04.06.2018;74;2.0172;7;
803;14300000.0;0.0;06.06.2018;76;2.0252;7;
804;0.0;10200000.0;06.06.2018;76;2.0252;7;
805;0.0;22400000.0;15.06.2018;85;2.1245;8;
806;0.0;10500000.0;30.04.2018;39;1.7669;6;
807;50000000.0;0.0;30.04.2018;39;1.7669;6;
808;20000000.0;0.0;30.04.2018;39;1.7669;6;
809;0.0;31500000.0;30.04.2018;39;1.7723;6;
810;20000000.0;0.0;03.05.2018;42;1.787;6;
811;0.0;10000000.0;09.05.2018;48;1.7999;6;
812;47600000.0;0.0;10.05.2018;49;1.8105;6;
813;12000000.0;0.0;14.05.2018;53;1.8334;6;
814;0.0;23800000.0;14.05.2018;53;1.8334;6;
815;0.0;21000000.0;14.05.2018;53;1.8334;6;
816;11100000.0;0.0;16.05.2018;55;1.85;6;
817;0.0;11100000.0;16.05.2018;55;1.85;6;
818;0.0;32000000.0;17.05.2018;56;1.8849;6;
819;11000000.0;0.0;21.05.2018;60;1.8849;6;
820;11000000.0;0.0;21.05.2018;60;1.8849;6;
821;21000000.0;0.0;21.05.2018;60;1.8849;6;
822;0.0;21000000.0;21.05.2018;60;1.8849;6;
823;0.0;100000000.0;21.05.2018;60;1.8849;6;
824;0.0;22000000.0;21.05.2018;60;1.8921;7;
825;100000000.0;0.0;22.05.2018;61;1.9039;7;
826;50000000.0;0.0;22.05.2018;61;1.9039;7;
827;0.0;11000000.0;24.05.2018;63;1.9436;7;
828;0.0;47500000.0;24.05.2018;63;1.9436;7;
829;0.0;11000000.0;24.05.2018;63;1.9436;7;
830;20900000.0;0.0;30.05.2018;69;1.9842;7;
831;12000000.0;0.0;01.06.2018;71;2.0063;7;
832;11000000.0;0.0;01.06.2018;71;2.0063;7;
833;11000000.0;0.0;04.06.2018;74;2.0246;7;
834;35600000.0;0.0;04.06.2018;74;2.0246;7;
835;0.0;122000000.0;15.05.2018;54;1.9604;7;
836;0.0;11000000.0;05.06.2018;75;2.0246;7;
837;76700000.0;0.0;06.06.2018;76;2.0252;7;
838;0.0;67800000.0;06.06.2018;76;2.0252;7;
839;76600000.0;0.0;07.06.2018;77;2.0349;7;
840;0.0;11000000.0;08.06.2018;78;2.0473;8;
841;1000000.0;0.0;11.06.2018;81;2.0714;8;
842;162200000.0;0.0;15.05.2018;54;1.9604;7;
843;11000000.0;0.0;12.06.2018;82;2.0714;8;
844;11000000.0;0.0;13.06.2018;83;2.0888;8;
845;0.0;83200000.0;14.06.2018;84;2.1069;8;
846;0.0;11000000.0;15.06.2018;85;2.1245;8;
847;18000000.0;0.0;18.06.2018;88;2.1775;9;
848;0.0;43000000.0;30.04.2018;39;1.7603;6;
849;160000000.0;0.0;15.05.2018;54;1.8388;6;
850;22000000.0;0.0;30.04.2018;39;1.7669;6;
851;21500000.0;0.0;14.06.2018;84;2.1069;8;
852;0.0;25000000.0;24.05.2018;63;1.9436;7;
853;20000000.0;0.0;06.06.2018;76;2.0252;7;
854;0.0;31000000.0;02.05.2018;41;1.7778;6;
855;20000000.0;0.0;05.06.2018;75;2.0246;7;
856;0.0;10000000.0;18.06.2018;88;2.145;9;
857;0.0;10000000.0;18.06.2018;88;2.145;9;
858;20000000.0;0.0;18.06.2018;88;2.1775;9;
859;55000000.0;0.0;23.04.2018;32;1.7447;6;
860;60000000.0;0.0;24.04.2018;33;1.7413;6;
861;0.0;61000000.0;08.05.2018;47;1.787;6;
862;0.0;25000000.0;08.05.2018;47;1.7907;6;
863;100000000.0;0.0;08.05.2018;47;1.7907;6;
864;17000000.0;0.0;14.05.2018;53;1.8105;6;
865;0.0;26000000.0;14.05.2018;53;1.8105;6;
866;0.0;17000000.0;21.05.2018;60;1.8921;7;
867;0.0;41000000.0;25.05.2018;64;1.9436;7;
868;12000000.0;0.0;25.05.2018;64;1.9436;7;
869;0.0;17000000.0;12.06.2018;82;2.0714;8;
870;22000000.0;0.0;19.06.2018;89;2.1775;9;
871;0.0;22500000.0;23.04.2018;32;1.7447;6;
872;0.0;10000000.0;23.04.2018;32;1.7445;6;
873;0.0;40000000.0;30.04.2018;39;1.7669;6;
874;0.0;10000000.0;04.05.2018;43;1.787;6;
875;41000000.0;0.0;08.05.2018;47;1.789;6;
876;0.0;10000000.0;10.05.2018;49;1.8105;6;
877;0.0;10000000.0;10.05.2018;49;1.8105;6;
878;0.0;52000000.0;25.05.2018;64;1.9436;7;
879;20000000.0;0.0;11.06.2018;81;2.0714;8;
880;0.0;401274.24;30.04.2018;39;3.0;14;
881;0.0;18300000.0;23.04.2018;32;1.7447;6;
882;10200000.0;0.0;25.04.2018;34;1.7452;6;
883;10200000.0;0.0;25.04.2018;34;1.7452;6;
884;77000000.0;0.0;31.05.2018;70;1.9842;7;
885;0.0;30500000.0;04.05.2018;43;1.787;6;
886;14300000.0;0.0;09.05.2018;48;1.7999;6;
887;0.0;15700000.0;11.05.2018;50;1.8105;6;
888;0.0;12200000.0;18.05.2018;57;1.8849;6;
889;36700000.0;0.0;25.05.2018;64;1.9436;7;
890;0.0;14300000.0;31.05.2018;70;1.9842;7;
891;40000000.0;0.0;31.05.2018;70;2.5394;12;
892;0.0;30600000.0;01.06.2018;71;2.0063;7;
893;4200000.0;0.0;06.06.2018;76;2.0252;7;
894;158000000.0;0.0;15.05.2018;54;1.8388;6;
895;0.0;16500000.0;16.05.2018;55;1.85;6;
896;0.0;36000000.0;18.06.2018;88;2.145;9;
897;0.0;139500000.0;16.05.2018;55;1.85;6;
898;0.0;138100000.0;16.05.2018;55;1.85;6;
899;62000000.0;0.0;16.05.2018;55;1.85;6;
900;0.0;158000000.0;15.05.2018;54;1.8388;6;
901;0.0;206700000.0;22.05.2018;61;1.9039;7;
902;0.0;86700000.0;22.05.2018;61;1.9039;7;
903;0.0;10300000.0;22.05.2018;61;1.9039;7;
904;0.0;10300000.0;25.05.2018;64;1.9436;7;
905;6200000.0;0.0;25.05.2018;64;1.9436;7;
906;0.0;206000000.0;01.06.2018;71;2.0063;7;
907;10300000.0;0.0;04.06.2018;74;2.0172;7;
908;8300000.0;0.0;05.06.2018;75;2.0246;7;
909;109000000.0;0.0;05.06.2018;75;2.0246;7;
910;0.0;8300000.0;06.06.2018;76;2.0252;7;
911;10400000.0;0.0;07.06.2018;77;2.0349;7;
912;0.0;75400000.0;07.06.2018;77;2.0349;7;
913;108900000.0;0.0;08.06.2018;78;2.0473;8;
914;0.0;26900000.0;11.06.2018;81;2.0573;8;
915;15000000.0;0.0;12.06.2018;82;2.0714;8;
916;20000000.0;0.0;12.06.2018;82;2.0714;8;
917;25000000.0;0.0;12.06.2018;82;2.0714;8;
918;31100000.0;0.0;13.06.2018;83;2.0888;8;
919;0.0;10000000.0;13.06.2018;83;2.0888;8;
920;20700000.0;0.0;13.06.2018;83;2.0888;8;
921;0.0;41500000.0;14.06.2018;84;2.1069;8;
922;0.0;41500000.0;14.06.2018;84;2.1069;8;
923;0.0;151200000.0;14.06.2018;84;2.1069;8;
924;82900000.0;0.0;15.06.2018;85;2.1245;8;
925;10400000.0;0.0;18.06.2018;88;2.145;9;
926;12500000.0;0.0;19.06.2018;89;2.1775;9;
927;0.0;55000000.0;19.06.2018;89;2.1775;9;
928;25000000.0;0.0;21.06.2018;91;2.2225;11;
929;0.0;12000000.0;20.06.2018;90;2.2018;11;
930;1479990.43;0.0;30.04.2018;39;4.375;23;
931;11118871.39;0.0;24.04.2018;33;3.416;22;
932;0.0;5897734.37;07.05.2018;46;6.375;24;
933;0.0;146281.04;27.04.2018;36;4.0;19;
934;0.0;479998.07;30.04.2018;39;4.0;19;
935;0.0;1023628.17;27.04.2018;36;4.0;19;
936;82000000.0;0.0;15.05.2018;54;1.9604;7;
937;0.0;11200000.0;23.04.2018;32;1.7445;6;
938;81800000.0;0.0;15.05.2018;54;1.9604;7;
939;0.0;11200000.0;24.04.2018;33;1.7413;6;
940;11200000.0;0.0;24.04.2018;33;1.7413;6;
941;31700000.0;0.0;30.04.2018;39;1.7603;6;
942;0.0;89200000.0;30.04.2018;39;1.7603;6;
943;0.0;22500000.0;30.04.2018;39;1.7603;6;
944;0.0;60200000.0;30.04.2018;39;1.7669;6;
945;21200000.0;0.0;30.04.2018;39;1.7723;6;
946;0.0;35800000.0;08.05.2018;47;1.789;6;
947;0.0;85000000.0;08.05.2018;47;1.789;6;
948;82000000.0;0.0;15.05.2018;54;1.9604;7;
949;0.0;17900000.0;08.05.2018;47;1.7935;6;
950;0.0;106100000.0;14.05.2018;53;1.8105;6;
951;21000000.0;0.0;14.05.2018;53;1.8105;6;
952;10600000.0;0.0;14.05.2018;53;1.82;6;
953;0.0;82000000.0;15.05.2018;54;1.9604;7;
954;161000000.0;0.0;15.05.2018;54;1.8388;6;
955;0.0;12200000.0;14.06.2018;84;2.1069;8;
956;10200000.0;0.0;15.06.2018;85;2.1245;8;
957;61200000.0;0.0;18.06.2018;88;2.145;9;
958;96200000.0;0.0;19.06.2018;89;2.1775;9;
959;40800000.0;0.0;19.06.2018;89;2.1775;9;
960;0.0;20400000.0;20.06.2018;90;2.2018;11;
961;15500000.0;0.0;26.04.2018;35;1.7525;6;
962;0.0;16700000.0;26.04.2018;35;1.7525;6;
963;0.0;50000000.0;26.04.2018;35;1.7525;6;
964;0.0;109500000.0;27.04.2018;36;1.7603;6;
965;10400000.0;0.0;27.04.2018;36;1.7603;6;
966;7600000.0;0.0;27.04.2018;36;1.7603;6;
967;0.0;208600000.0;27.04.2018;36;1.7603;6;
968;0.0;12500000.0;30.04.2018;39;1.7603;6;
969;0.0;20900000.0;30.04.2018;39;1.7603;6;
970;0.0;16000000.0;30.04.2018;39;1.7603;6;
971;50400000.0;0.0;02.05.2018;41;1.7778;6;
972;0.0;16700000.0;02.05.2018;41;1.7778;6;
973;0.0;10200000.0;04.05.2018;43;1.787;6;
974;50000000.0;0.0;08.05.2018;47;1.787;6;
975;0.0;50000000.0;08.05.2018;47;1.787;6;
976;10500000.0;0.0;08.05.2018;47;1.7907;6;
977;10400000.0;0.0;08.05.2018;47;1.7907;6;
978;10400000.0;0.0;08.05.2018;47;1.7907;6;
979;0.0;15000000.0;08.05.2018;47;1.405;3;
980;5000000.0;0.0;09.05.2018;48;1.7999;6;
981;10000000.0;0.0;09.05.2018;48;1.7999;6;
982;0.0;21000000.0;09.05.2018;48;1.7999;6;
983;10400000.0;0.0;15.05.2018;54;1.8388;6;
984;0.0;20900000.0;15.05.2018;54;1.8388;6;
985;0.0;42000000.0;16.05.2018;55;1.85;6;
986;50000000.0;0.0;17.05.2018;56;1.8849;6;
987;0.0;201000000.0;21.05.2018;60;1.8849;6;
988;0.0;16700000.0;21.05.2018;60;1.8849;6;
989;0.0;10400000.0;22.05.2018;61;1.9039;7;
990;10400000.0;0.0;22.05.2018;61;1.9039;7;
991;20800000.0;0.0;23.05.2018;62;1.9198;7;
992;0.0;11000000.0;24.05.2018;63;1.9436;7;
993;0.0;41600000.0;25.05.2018;64;1.9436;7;
994;10400000.0;0.0;25.05.2018;64;1.9436;7;
995;21000000.0;0.0;25.05.2018;64;1.9436;7;
996;0.0;10400000.0;04.06.2018;74;2.0172;7;
997;47600000.0;0.0;04.06.2018;74;2.0172;7;
998;0.0;100000000.0;05.06.2018;75;2.0246;7;
999;10000000.0;0.0;05.06.2018;75;2.0246;7;
1000;0.0;40000000.0;06.06.2018;76;2.0252;7;
1001;50000000.0;0.0;06.06.2018;76;2.0252;7;
1002;0.0;20800000.0;08.06.2018;78;2.0473;8;
1003;50000000.0;0.0;12.06.2018;82;2.0714;8;
1004;25000000.0;0.0;13.06.2018;83;2.0888;8;
1005;10900000.0;0.0;19.06.2018;89;2.1775;9;
1006;11000000.0;0.0;21.06.2018;91;2.2225;11;
1007;31000000.0;0.0;29.05.2018;68;1.9842;7;
1008;8300000.0;0.0;20.06.2018;90;2.2018;11;
1009;30000000.0;0.0;18.06.2018;88;2.145;9;
1010;52000000.0;0.0;23.04.2018;32;1.7445;6;
1011;50300000.0;0.0;24.04.2018;33;1.7413;6;
1012;12500000.0;0.0;25.04.2018;34;1.7452;6;
1013;27400000.0;0.0;25.04.2018;34;1.7452;6;
1014;0.0;1000000.0;27.04.2018;36;1.7603;6;
1015;0.0;135400000.0;27.04.2018;36;1.7603;6;
1016;9000000.0;0.0;27.04.2018;36;1.7603;6;
1017;27000000.0;0.0;27.04.2018;36;1.7603;6;
1018;0.0;20000000.0;29.05.2018;68;1.9842;7;
1019;12000000.0;0.0;01.05.2018;40;1.7734;6;
1020;0.0;10500000.0;02.05.2018;41;1.7778;6;
1021;0.0;56000000.0;03.05.2018;42;1.787;6;
1022;16800000.0;0.0;14.05.2018;53;1.8334;6;
1023;25000000.0;0.0;14.05.2018;53;1.8334;6;
1024;19200000.0;0.0;14.05.2018;53;1.8334;6;
1025;0.0;10000000.0;14.05.2018;53;1.8334;6;
1026;21000000.0;0.0;16.05.2018;55;1.85;6;
1027;0.0;55000000.0;16.05.2018;55;1.85;6;
1028;0.0;21000000.0;17.05.2018;56;1.8849;6;
1029;0.0;12600000.0;17.05.2018;56;1.8849;6;
1030;0.0;50000000.0;17.05.2018;56;1.8849;6;
1031;15000000.0;0.0;21.05.2018;60;1.8849;6;
1032;1000000.0;0.0;21.05.2018;60;1.8849;6;
1033;0.0;55200000.0;21.05.2018;60;1.8849;6;
1034;22000000.0;0.0;21.05.2018;60;1.8849;6;
1035;22000000.0;0.0;21.05.2018;60;1.8921;7;
1036;0.0;18000000.0;22.05.2018;61;1.9039;7;
1037;11000000.0;0.0;22.05.2018;61;1.9039;7;
1038;50600000.0;0.0;24.05.2018;63;1.9436;7;
1039;0.0;11000000.0;24.05.2018;63;1.9436;7;
1040;0.0;17800000.0;08.05.2018;47;1.7907;6;
1041;82000000.0;0.0;15.05.2018;54;1.9604;7;
1042;0.0;10400000.0;23.05.2018;62;1.9198;7;
1043;160000000.0;0.0;15.05.2018;54;1.8388;6;
1044;10000000.0;0.0;24.05.2018;63;1.9436;7;
1045;0.0;10400000.0;29.05.2018;68;1.9563;7;
1046;16600000.0;0.0;01.06.2018;71;2.0063;7;
1047;0.0;10000000.0;04.06.2018;74;2.0172;7;
1048;16600000.0;0.0;04.06.2018;74;2.0172;7;
1049;150900000.0;0.0;04.06.2018;74;2.0246;7;
1050;0.0;24200000.0;04.06.2018;74;2.0246;7;
1051;48079957.31;0.0;04.06.2018;74;2.0246;7;
1052;0.0;10000000.0;08.05.2018;47;1.7935;6;
1053;0.0;14500000.0;08.05.2018;47;1.7907;6;
1054;0.0;20800000.0;08.05.2018;47;1.7907;6;
1055;0.0;10000000.0;08.05.2018;47;1.7907;6;
1056;25000000.0;0.0;09.05.2018;48;1.7999;6;
1057;10000000.0;0.0;14.05.2018;53;1.8334;6;
1058;20000000.0;0.0;14.05.2018;53;1.8334;6;
1059;5000000.0;0.0;16.05.2018;55;1.85;6;
1060;0.0;1000000.0;17.05.2018;56;1.8849;6;
1061;10000000.0;0.0;17.05.2018;56;1.8849;6;
1062;10000000.0;0.0;17.05.2018;56;1.8849;6;
1063;0.0;109800000.0;21.05.2018;60;1.8921;7;
1064;0.0;10000000.0;21.05.2018;60;1.8921;7;
1065;0.0;12000000.0;21.05.2018;60;1.8921;7;
1066;0.0;10000000.0;21.05.2018;60;1.8921;7;
1067;0.0;10000000.0;21.05.2018;60;1.8921;7;
1068;0.0;10000000.0;21.05.2018;60;1.8921;7;
1069;0.0;21000000.0;21.05.2018;60;1.8921;7;
1070;0.0;50000000.0;21.05.2018;60;1.8921;7;
1071;8000000.0;0.0;23.05.2018;62;1.9198;7;
1072;0.0;21000000.0;27.04.2018;36;1.4725;3;
1073;0.0;38000000.0;05.06.2018;75;2.0246;7;
1074;0.0;27500000.0;05.06.2018;75;2.0246;7;
1075;0.0;3000000.0;30.04.2018;39;1.7603;6;
1076;0.0;14000000.0;30.04.2018;39;1.7723;6;
1077;95000000.0;0.0;09.05.2018;48;1.7999;6;
1078;130000000.0;0.0;09.05.2018;48;1.7999;6;
1079;0.0;20400000.0;21.06.2018;91;2.2225;11;
1080;0.0;25000000.0;21.06.2018;91;2.2225;11;
1081;51000000.0;0.0;24.04.2018;33;1.7413;6;
1082;0.0;25000000.0;24.04.2018;33;1.7413;6;
1083;20500000.0;0.0;26.04.2018;35;1.7525;6;
1084;14300000.0;0.0;30.04.2018;39;1.7603;6;
1085;14300000.0;0.0;30.04.2018;39;1.7723;6;
1086;0.0;10200000.0;30.04.2018;39;1.7723;6;
1087;10600000.0;0.0;30.04.2018;39;1.7723;6;
1088;53100000.0;0.0;01.05.2018;40;1.7734;6;
1089;0.0;10600000.0;01.05.2018;40;1.7734;6;
1090;0.0;10600000.0;01.05.2018;40;1.7734;6;
1091;0.0;13500000.0;01.05.2018;40;1.7734;6;
1092;0.0;90000000.0;01.05.2018;40;1.7734;6;
1093;0.0;7400000.0;02.05.2018;41;1.7778;6;
1094;20500000.0;0.0;03.05.2018;42;1.787;6;
1095;10200000.0;0.0;04.05.2018;43;1.787;6;
1096;0.0;10600000.0;08.05.2018;47;1.7935;6;
1097;10000000.0;0.0;08.05.2018;47;1.7935;6;
1098;12300000.0;0.0;09.05.2018;48;1.7999;6;
1099;0.0;3200000.0;10.05.2018;49;1.8105;6;
1100;10500000.0;0.0;14.05.2018;53;1.8334;6;
1101;16400000.0;0.0;14.05.2018;53;1.8334;6;
1102;158000000.0;0.0;15.05.2018;54;1.8388;6;
1103;0.0;16400000.0;14.05.2018;53;1.8334;6;
1104;50000000.0;0.0;24.04.2018;33;1.7413;6;
1105;6300000.0;0.0;27.04.2018;36;1.7603;6;
1106;14600000.0;0.0;27.04.2018;36;1.7603;6;
1107;10000000.0;0.0;30.04.2018;39;1.7723;6;
1108;10400000.0;0.0;02.05.2018;41;1.7778;6;
1109;11000000.0;0.0;03.05.2018;42;1.787;6;
1110;0.0;5000000.0;03.05.2018;42;1.787;6;
1111;11300000.0;0.0;03.05.2018;42;1.787;6;
1112;0.0;20000000.0;04.05.2018;43;1.787;6;
1113;20800000.0;0.0;11.05.2018;50;1.8105;6;
1114;0.0;50700000.0;11.05.2018;50;1.8105;6;
1115;0.0;10000000.0;14.05.2018;53;1.8334;6;
1116;0.0;27300000.0;15.05.2018;54;1.8388;6;
1117;0.0;50800000.0;15.05.2018;54;1.8388;6;
1118;10000000.0;0.0;15.05.2018;54;1.8388;6;
1119;10400000.0;0.0;17.05.2018;56;1.8849;6;
1120;0.0;19100000.0;17.05.2018;56;1.8849;6;
1121;5000000.0;0.0;17.05.2018;56;1.8849;6;
1122;0.0;5500000.0;17.05.2018;56;1.8849;6;
1123;20900000.0;0.0;15.06.2018;85;2.1245;8;
1124;0.0;1250000.0;18.06.2018;88;2.145;9;
1125;0.0;10000000.0;18.06.2018;88;2.1775;9;
1126;0.0;20900000.0;18.06.2018;88;2.1775;9;
1127;0.0;20900000.0;18.06.2018;88;2.1775;9;
1128;0.0;16700000.0;21.06.2018;91;2.2225;11;
1129;0.0;8700000.0;16.05.2018;55;1.85;6;
1130;0.0;55000000.0;16.05.2018;55;1.85;6;
1131;0.0;119000000.0;15.05.2018;54;1.8388;6;
1132;206000000.0;0.0;16.05.2018;55;1.85;6;
1133;150000000.0;0.0;16.05.2018;55;1.85;6;
1134;0.0;119000000.0;15.05.2018;54;1.8388;6;
1135;10300000.0;0.0;18.05.2018;57;1.8849;6;
1136;0.0;18600000.0;18.05.2018;57;1.8849;6;
1137;320000000.0;0.0;11.06.2018;81;1.7225;5;
1138;20800000.0;0.0;23.04.2018;32;1.7447;6;
1139;0.0;10400000.0;24.04.2018;33;1.7413;6;
1140;20800000.0;0.0;27.04.2018;36;1.7603;6;
1141;14600000.0;0.0;30.04.2018;39;1.7603;6;
1142;0.0;31300000.0;30.04.2018;39;1.7603;6;
1143;0.0;34000000.0;04.06.2018;74;2.0246;7;
1144;260000000.0;0.0;29.05.2018;68;1.9842;7;
1145;0.0;44000000.0;23.04.2018;32;1.7447;6;
1146;0.0;102000000.0;08.05.2018;47;1.787;6;
1147;0.0;5500000.0;12.06.2018;82;2.0714;8;
1148;11000000.0;0.0;12.06.2018;82;2.0714;8;
1149;0.0;11100000.0;18.06.2018;88;2.145;9;
1150;0.0;6000000.0;18.06.2018;88;2.1775;9;
1151;0.0;40000000.0;30.04.2018;39;1.7669;6;
1152;30000000.0;0.0;01.05.2018;40;1.7734;6;
1153;0.0;17000000.0;25.05.2018;64;1.9436;7;
1154;31000000.0;0.0;25.05.2018;64;1.9436;7;
1155;80000000.0;0.0;04.06.2018;74;1.668;5;
1156;0.0;5000000.0;04.06.2018;74;2.0246;7;
1157;20000000.0;0.0;04.06.2018;74;2.0246;7;
1158;0.0;30600000.0;11.06.2018;81;2.0573;8;
1159;17000000.0;0.0;12.06.2018;82;2.0714;8;
1160;0.0;17000000.0;23.04.2018;32;1.7445;6;
1161;0.0;40000000.0;30.04.2018;39;1.7603;6;
1162;0.0;10000000.0;07.05.2018;46;1.787;6;
1163;0.0;22000000.0;08.05.2018;47;1.789;6;
1164;7500000.0;0.0;18.05.2018;57;1.8849;6;
1165;0.0;21000000.0;24.05.2018;63;1.9436;7;
1166;11000000.0;0.0;13.06.2018;83;2.0888;8;
1167;0.0;55000000.0;18.06.2018;88;2.1775;9;
1168;0.0;62000000.0;23.04.2018;32;1.7445;6;
1169;122000000.0;0.0;30.04.2018;39;1.7603;6;
1170;10000000.0;0.0;21.05.2018;60;1.8921;7;
1171;0.0;20000000.0;27.04.2018;36;2.1841;10;
1172;51000000.0;0.0;13.06.2018;83;2.0888;8;
1173;0.0;261500000.0;30.04.2018;39;1.7669;6;
1174;0.0;82000000.0;15.05.2018;54;1.8388;6;
1175;22000000.0;0.0;06.06.2018;76;2.0252;7;
1176;18000000.0;0.0;15.05.2018;54;1.8388;6;
1177;17000000.0;0.0;11.06.2018;81;2.0714;8;
1178;0.0;5500000.0;12.06.2018;82;2.0714;8;
1179;0.0;5600000.0;18.06.2018;88;2.1775;9;
1180;0.0;20000000.0;23.04.2018;32;1.7445;6;
1181;0.0;40000000.0;30.04.2018;39;1.7669;6;
1182;20000000.0;0.0;14.05.2018;53;1.8105;6;
1183;17000000.0;0.0;14.05.2018;53;1.82;6;
1184;40000000.0;0.0;14.05.2018;53;1.8334;6;
1185;40000000.0;0.0;21.05.2018;60;1.8849;6;
1186;0.0;23000000.0;25.05.2018;64;1.9436;7;
1187;90000000.0;0.0;04.06.2018;74;1.668;5;
1188;25864700.0;0.0;04.06.2018;74;1.668;5;
1189;0.0;17000000.0;13.06.2018;83;2.0888;8;
1190;0.0;30000000.0;23.04.2018;32;1.7445;6;
1191;0.0;12000000.0;23.04.2018;32;1.7445;6;
1192;0.0;17000000.0;30.04.2018;39;1.7669;6;
1193;0.0;28000000.0;30.04.2018;39;1.7723;6;
1194;0.0;27500000.0;30.04.2018;39;1.7723;6;
1195;0.0;11000000.0;08.05.2018;47;1.789;6;
1196;0.0;31000000.0;08.05.2018;47;1.7935;6;
1197;0.0;30000000.0;10.05.2018;49;1.8105;6;
1198;17000000.0;0.0;10.05.2018;49;1.8105;6;
1199;0.0;59424451.0;18.05.2018;57;1.8849;6;
1200;10000000.0;0.0;04.06.2018;74;2.0246;7;
1201;0.0;100000000.0;11.06.2018;81;2.0714;8;
1202;0.0;50000000.0;12.06.2018;82;2.0714;8;
1203;16400000.0;0.0;18.06.2018;88;2.1775;9;
1204;28000000.0;0.0;20.06.2018;90;2.2018;11;
1205;0.0;16000000.0;21.06.2018;91;2.2225;11;
1206;25300000.0;0.0;25.04.2018;34;1.7452;6;
1207;0.0;15000000.0;30.04.2018;39;1.7669;6;
1208;10000000.0;0.0;07.05.2018;46;1.787;6;
1209;0.0;10000000.0;14.05.2018;53;1.8105;6;
1210;71000000.0;0.0;21.05.2018;60;1.8849;6;
1211;0.0;20000000.0;04.06.2018;74;2.0172;7;
1212;44000000.0;0.0;04.06.2018;74;2.0246;7;
1213;20000000.0;0.0;04.06.2018;74;2.0246;7;
1214;27000000.0;0.0;12.06.2018;82;2.0714;8;
1215;25000000.0;0.0;20.06.2018;90;2.2018;11;
1216;10000000.0;0.0;23.04.2018;32;1.7445;6;
1217;30900000.0;0.0;30.04.2018;39;1.7603;6;
1218;20000000.0;0.0;27.04.2018;36;1.7603;6;
1219;82500000.0;0.0;04.05.2018;43;1.787;6;
1220;14000000.0;0.0;03.05.2018;42;1.787;6;
1221;0.0;12500000.0;08.05.2018;47;1.789;6;
1222;0.0;10400000.0;08.05.2018;47;1.789;6;
1223;20800000.0;0.0;08.05.2018;47;1.7935;6;
1224;70000000.0;0.0;15.06.2018;85;2.1266;8;
1225;18400000.0;0.0;15.06.2018;85;2.1245;8;
1226;0.0;6100000.0;18.06.2018;88;2.145;9;
1227;0.0;12200000.0;19.06.2018;89;2.1775;9;
1228;0.0;10200000.0;20.06.2018;90;2.2018;11;
1229;16300000.0;0.0;20.06.2018;90;2.2018;11;
1230;0.0;100800000.0;20.06.2018;90;2.2018;11;
1231;20400000.0;0.0;21.06.2018;91;2.2225;11;
1232;20400000.0;0.0;21.06.2018;91;2.2225;11;
1233;78000000.0;0.0;15.05.2018;54;1.8388;6;
1234;0.0;156000000.0;15.05.2018;54;1.8388;6;
1235;0.0;26300000.0;24.04.2018;33;1.7413;6;
1236;0.0;14300000.0;25.04.2018;34;1.7452;6;
1237;10200000.0;0.0;26.04.2018;35;1.7525;6;
1238;20500000.0;0.0;27.04.2018;36;1.7603;6;
1239;0.0;10200000.0;27.04.2018;36;1.7603;6;
1240;10200000.0;0.0;30.04.2018;39;1.7603;6;
1241;20500000.0;0.0;30.04.2018;39;1.7723;6;
1242;0.0;20500000.0;30.04.2018;39;1.7723;6;
1243;10200000.0;0.0;30.04.2018;39;1.7723;6;
1244;0.0;102500000.0;01.05.2018;40;1.7734;6;
1245;0.0;19600000.0;01.05.2018;40;1.7734;6;
1246;0.0;13100000.0;01.05.2018;40;1.7734;6;
1247;97000000.0;0.0;01.05.2018;40;1.7734;6;
1248;10000000.0;0.0;08.05.2018;47;1.7935;6;
1249;14300000.0;0.0;10.05.2018;49;1.8105;6;
1250;0.0;16400000.0;14.05.2018;53;1.8334;6;
1251;0.0;10300000.0;14.05.2018;53;1.8334;6;
1252;0.0;16400000.0;14.05.2018;53;1.8334;6;
1253;0.0;12700000.0;14.05.2018;53;1.8334;6;
1254;21300000.0;0.0;13.06.2018;83;2.0888;8;
1255;0.0;204700000.0;15.06.2018;85;2.1245;8;
1256;115000000.0;0.0;11.06.2018;81;1.7225;5;
1257;20900000.0;0.0;23.04.2018;32;1.7447;6;
1258;50000000.0;0.0;26.04.2018;35;1.7525;6;
1259;20900000.0;0.0;26.04.2018;35;1.7525;6;
1260;0.0;20900000.0;30.04.2018;39;1.7723;6;
1261;0.0;16700000.0;30.04.2018;39;1.7723;6;
1262;18800000.0;0.0;30.04.2018;39;1.7723;6;
1263;75000000.0;0.0;30.04.2018;39;1.7723;6;
1264;0.0;54800000.0;01.05.2018;40;1.7734;6;
1265;50300000.0;0.0;01.05.2018;40;1.7734;6;
1266;0.0;10400000.0;03.05.2018;42;1.787;6;
1267;0.0;10000000.0;03.05.2018;42;1.787;6;
1268;0.0;50700000.0;03.05.2018;42;1.787;6;
1269;0.0;10000000.0;03.05.2018;42;1.787;6;
1270;0.0;11000000.0;03.05.2018;42;1.787;6;
1271;10000000.0;0.0;08.05.2018;47;1.7935;6;
1272;10900000.0;0.0;11.05.2018;50;1.8105;6;
1273;20000000.0;0.0;13.06.2018;83;2.0888;8;
1274;20800000.0;0.0;14.05.2018;53;1.8334;6;
1275;10000000.0;0.0;14.05.2018;53;1.8334;6;
1276;0.0;10000000.0;14.05.2018;53;1.8334;6;
1277;52100000.0;0.0;15.05.2018;54;1.8388;6;
1278;10000000.0;0.0;17.05.2018;56;1.8849;6;
1279;10300000.0;0.0;22.05.2018;61;1.9039;7;
1280;0.0;10300000.0;23.05.2018;62;1.9198;7;
1281;8300000.0;0.0;25.05.2018;64;1.9436;7;
1282;6200000.0;0.0;25.05.2018;64;1.9436;7;
1283;0.0;109000000.0;29.05.2018;68;1.9842;7;
1284;10300000.0;0.0;01.06.2018;71;2.0063;7;
1285;0.0;207000000.0;05.06.2018;75;2.0246;7;
1286;0.0;20700000.0;06.06.2018;76;2.0252;7;
1287;20700000.0;0.0;06.06.2018;76;2.0252;7;
1288;10000000.0;0.0;07.06.2018;77;2.0349;7;
1289;12400000.0;0.0;07.06.2018;77;2.0349;7;
1290;160000000.0;0.0;15.05.2018;54;1.8388;6;
1291;0.0;20000000.0;12.06.2018;82;2.0714;8;
1292;160000000.0;0.0;15.05.2018;54;1.8388;6;
1293;0.0;41500000.0;14.06.2018;84;2.1069;8;
1294;0.0;12400000.0;14.06.2018;84;2.1069;8;
1295;0.0;102700000.0;15.06.2018;85;2.1245;8;
1296;0.0;12800000.0;18.06.2018;88;2.145;9;
1297;0.0;109200000.0;18.06.2018;88;2.145;9;
1298;0.0;100000000.0;18.06.2018;88;2.145;9;
1299;10400000.0;0.0;19.06.2018;89;2.1775;9;
1300;76000000.0;0.0;19.06.2018;89;2.1775;9;
1301;12000000.0;0.0;18.05.2018;57;1.8849;6;
1302;0.0;4800000.0;30.04.2018;39;1.7603;6;
1303;55000000.0;0.0;09.05.2018;48;1.7999;6;
1304;0.0;340000000.0;09.05.2018;48;1.7999;6;
1305;31411.22;0.0;16.05.2018;55;2.136;8;
1306;10000000.0;0.0;23.04.2018;32;1.7445;6;
1307;10000000.0;0.0;23.04.2018;32;1.7445;6;
1308;54800000.0;0.0;24.04.2018;33;1.7413;6;
1309;0.0;24900000.0;25.04.2018;34;1.7452;6;
1310;0.0;20700000.0;25.04.2018;34;1.7452;6;
1311;0.0;31500000.0;26.04.2018;35;1.7525;6;
1312;0.0;27300000.0;26.04.2018;35;1.7525;6;
1313;0.0;75000000.0;26.04.2018;35;1.7525;6;
1314;54800000.0;0.0;27.04.2018;36;1.7603;6;
1315;13000000.0;0.0;27.04.2018;36;1.7603;6;
1316;7000000.0;0.0;27.04.2018;36;1.7603;6;
1317;51900000.0;0.0;27.04.2018;36;1.7603;6;
1318;0.0;27400000.0;27.04.2018;36;1.7603;6;
1319;0.0;10000000.0;30.04.2018;39;1.7669;6;
1320;18900000.0;0.0;30.04.2018;39;1.7669;6;
1321;7600000.0;0.0;30.04.2018;39;1.7669;6;
1322;0.0;1200000.0;30.04.2018;39;1.7669;6;
1323;0.0;10000000.0;30.04.2018;39;1.7669;6;
1324;12000000.0;0.0;30.04.2018;39;1.7723;6;
1325;0.0;10000000.0;08.05.2018;47;1.789;6;
1326;109400000.0;0.0;08.05.2018;47;1.789;6;
1327;0.0;85000000.0;29.05.2018;68;1.9436;7;
1328;0.0;22500000.0;16.05.2018;55;1.85;6;
1329;53100000.0;0.0;16.05.2018;55;1.85;6;
1330;0.0;21200000.0;16.05.2018;55;1.85;6;
1331;21200000.0;0.0;16.05.2018;55;1.85;6;
1332;0.0;45300000.0;22.05.2018;61;1.9039;7;
1333;53100000.0;0.0;22.05.2018;61;1.9039;7;
1334;28300000.0;0.0;29.05.2018;68;1.9436;7;
1335;0.0;25500000.0;29.05.2018;68;1.9842;7;
1336;106500000.0;0.0;04.06.2018;74;2.0172;7;
1337;100000000.0;0.0;04.06.2018;74;2.0172;7;
1338;150000000.0;0.0;04.06.2018;74;2.0172;7;
1339;0.0;21300000.0;05.06.2018;75;2.0246;7;
1340;0.0;21300000.0;08.06.2018;78;2.0473;8;
1341;106500000.0;0.0;15.06.2018;85;2.1245;8;
1342;15000000.0;0.0;08.05.2018;47;1.7907;6;
1343;0.0;50000000.0;14.05.2018;53;1.8105;6;
1344;0.0;12500000.0;21.05.2018;60;1.8849;6;
1345;0.0;14500000.0;22.05.2018;61;1.9039;7;
1346;0.0;10400000.0;22.05.2018;61;1.9039;7;
1347;38600000.0;0.0;22.05.2018;61;1.9039;7;
1348;10400000.0;0.0;22.05.2018;61;1.9039;7;
1349;80000000.0;0.0;15.05.2018;54;1.8388;6;
1350;10500000.0;0.0;24.05.2018;63;1.9436;7;
1351;0.0;8300000.0;24.05.2018;63;1.9436;7;
1352;11000000.0;0.0;24.05.2018;63;1.9436;7;
1353;303100000.0;0.0;25.05.2018;64;1.9436;7;
1354;0.0;10400000.0;01.06.2018;71;2.0063;7;
1355;0.0;100000000.0;04.06.2018;74;2.0172;7;
1356;10000000.0;0.0;05.06.2018;75;2.0246;7;
1357;0.0;87921000.0;18.06.2018;88;2.31;11;
1358;56400000.0;0.0;14.05.2018;53;1.8105;6;
1359;0.0;1000000.0;27.04.2018;36;1.7603;6;
1360;9400000.0;0.0;27.04.2018;36;1.7603;6;
1361;12200000.0;0.0;27.04.2018;36;1.7603;6;
1362;0.0;210000000.0;27.04.2018;36;1.7603;6;
1363;0.0;20000000.0;30.04.2018;39;1.7669;6;
1364;0.0;27000000.0;30.04.2018;39;1.7723;6;
1365;0.0;20000000.0;02.05.2018;41;1.7778;6;
1366;9000000.0;0.0;02.05.2018;41;1.7778;6;
1367;106300000.0;0.0;03.05.2018;42;1.787;6;
1368;50000000.0;0.0;08.05.2018;47;1.7907;6;
1369;0.0;25000000.0;10.05.2018;49;1.8105;6;
1370;0.0;47500000.0;14.05.2018;53;1.8334;6;
1371;0.0;13600000.0;14.05.2018;53;1.8334;6;
1372;20000000.0;0.0;14.05.2018;53;1.8334;6;
1373;104400000.0;0.0;16.05.2018;55;1.85;6;
1374;0.0;11000000.0;17.05.2018;56;1.8725;6;
1375;0.0;11000000.0;21.05.2018;60;1.8849;6;
1376;104900000.0;0.0;21.05.2018;60;1.8849;6;
1377;0.0;21000000.0;21.05.2018;60;1.8921;7;
1378;0.0;11000000.0;22.05.2018;61;1.9039;7;
1379;11000000.0;0.0;22.05.2018;61;1.9039;7;
1380;47500000.0;0.0;24.05.2018;63;1.9436;7;
1381;20900000.0;0.0;24.05.2018;63;1.9436;7;
1382;0.0;50000000.0;29.05.2018;68;1.9842;7;
1383;0.0;41000000.0;15.05.2018;54;1.9604;7;
1384;22000000.0;0.0;01.06.2018;71;2.0063;7;
1385;0.0;100000000.0;04.06.2018;74;2.0246;7;
1386;0.0;30000000.0;04.06.2018;74;2.0246;7;
1387;5000000.0;0.0;04.06.2018;74;2.0246;7;
1388;11000000.0;0.0;06.06.2018;76;2.0252;7;
1389;0.0;55400000.0;06.06.2018;76;2.0252;7;
1390;0.0;67000000.0;06.06.2018;76;2.0252;7;
1391;0.0;27200000.0;07.06.2018;77;2.0349;7;
1392;61300000.0;0.0;07.06.2018;77;2.0349;7;
1393;0.0;100000000.0;07.06.2018;77;2.0349;7;
1394;0.0;39000000.0;08.06.2018;78;2.0473;8;
1395;0.0;100000000.0;08.06.2018;78;2.0473;8;
1396;11000000.0;0.0;11.06.2018;81;2.0714;8;
1397;0.0;12000000.0;11.06.2018;81;2.0714;8;
1398;0.0;250000000.0;13.06.2018;83;2.0888;8;
1399;0.0;21100000.0;18.06.2018;88;2.1775;9;
1400;0.0;81582000.0;15.05.2018;54;1.9604;7;
1401;1100000.0;0.0;24.04.2018;33;1.7413;6;
1402;56200000.0;0.0;24.04.2018;33;1.7413;6;
1403;0.0;106000000.0;24.04.2018;33;1.7413;6;
1404;0.0;12300000.0;30.04.2018;39;1.7603;6;
1405;0.0;28700000.0;30.04.2018;39;1.7603;6;
1406;21200000.0;0.0;30.04.2018;39;1.7603;6;
1407;0.0;71600000.0;30.04.2018;39;1.7723;6;
1408;41000000.0;0.0;15.05.2018;54;1.9604;7;
1409;7800000.0;0.0;30.04.2018;39;1.7603;6;
1410;0.0;17900000.0;16.05.2018;55;1.85;6;
1411;0.0;16500000.0;16.05.2018;55;1.85;6;
1412;0.0;132500000.0;16.05.2018;55;1.85;6;
1413;0.0;101500000.0;17.05.2018;56;1.6181;4;
1414;10300000.0;0.0;18.05.2018;57;1.8849;6;
1415;20700000.0;0.0;22.05.2018;61;1.9039;7;
1416;108500000.0;0.0;22.05.2018;61;1.9039;7;
1417;0.0;23100000.0;23.05.2018;62;1.9198;7;
1418;16500000.0;0.0;25.05.2018;64;1.9436;7;
1419;6200000.0;0.0;25.05.2018;64;1.9436;7;
1420;207000000.0;0.0;29.05.2018;68;1.9842;7;
1421;24800000.0;0.0;30.05.2018;69;1.9842;7;
1422;0.0;31000000.0;01.06.2018;71;2.0063;7;
1423;18600000.0;0.0;04.06.2018;74;2.0172;7;
1424;50000000.0;0.0;05.06.2018;75;2.0246;7;
1425;16600000.0;0.0;07.06.2018;77;2.0349;7;
1426;79000000.0;0.0;15.05.2018;54;1.8388;6;
1427;54500000.0;0.0;07.06.2018;77;2.0349;7;
1428;0.0;301500000.0;08.06.2018;78;2.0473;8;
1429;15000000.0;0.0;12.06.2018;82;2.0714;8;
1430;0.0;31200000.0;19.06.2018;89;2.1775;9;
1431;21300000.0;0.0;21.06.2018;91;2.2225;11;
1432;230000000.0;0.0;11.06.2018;81;2.0573;8;
1433;0.0;14400000.0;08.06.2018;78;2.0473;8;
1434;10300000.0;0.0;11.06.2018;81;2.0714;8;
1435;20600000.0;0.0;11.06.2018;81;2.0714;8;
1436;12400000.0;0.0;21.06.2018;91;2.2225;11;
1437;20500000.0;0.0;23.04.2018;32;1.7447;6;
1438;14300000.0;0.0;23.04.2018;32;1.7445;6;
1439;0.0;14300000.0;30.04.2018;39;1.7603;6;
1440;10300000.0;0.0;03.05.2018;42;1.787;6;
1441;26800000.0;0.0;04.05.2018;43;1.787;6;
1442;10800000.0;0.0;04.05.2018;43;1.787;6;
1443;34700000.0;0.0;10.05.2018;49;1.8105;6;
1444;20600000.0;0.0;16.05.2018;55;1.85;6;
1445;0.0;14400000.0;17.05.2018;56;1.8849;6;
1446;0.0;10300000.0;04.06.2018;74;2.0172;7;
1447;10300000.0;0.0;07.06.2018;77;2.0349;7;
1448;10300000.0;0.0;07.06.2018;77;2.0349;7;
1449;0.0;12400000.0;08.06.2018;78;2.0473;8;
1450;10300000.0;0.0;14.06.2018;84;2.1069;8;
1451;0.0;10300000.0;15.06.2018;85;2.1245;8;
1452;12000000.0;0.0;18.06.2018;88;2.1775;9;
1453;10900000.0;0.0;18.05.2018;57;1.8849;6;
1454;95400000.0;0.0;21.05.2018;60;1.8921;7;
1455;20800000.0;0.0;22.05.2018;61;1.9039;7;
1456;10400000.0;0.0;17.05.2018;56;1.8849;6;
1457;95500000.0;0.0;22.05.2018;61;1.9039;7;
1458;0.0;2700000.0;22.05.2018;61;1.9039;7;
1459;0.0;5000000.0;25.05.2018;64;1.9436;7;
1460;0.0;5000000.0;25.05.2018;64;1.9436;7;
1461;0.0;174800000.0;30.05.2018;69;1.9842;7;
1462;0.0;34100000.0;01.06.2018;71;2.0063;7;
1463;0.0;41800000.0;01.06.2018;71;2.0063;7;
1464;0.0;43400000.0;07.06.2018;77;2.0349;7;
1465;0.0;24900000.0;11.06.2018;81;2.0714;8;
1466;10400000.0;0.0;12.06.2018;82;2.0714;8;
1467;119700000.0;0.0;15.05.2018;54;1.8388;6;
1468;7700000.0;0.0;13.06.2018;83;2.0888;8;
1469;200500000.0;0.0;18.06.2018;88;2.1775;9;
1470;0.0;27000000.0;18.06.2018;88;2.1775;9;
1471;120300000.0;0.0;15.05.2018;54;1.8388;6;
1472;15500000.0;0.0;21.06.2018;91;2.2225;11;
1473;240700000.0;0.0;21.05.2018;60;1.8849;6;
1474;10400000.0;0.0;22.05.2018;61;1.9039;7;
1475;0.0;10000000.0;23.05.2018;62;1.9198;7;
1476;16800000.0;0.0;23.04.2018;32;1.7445;6;
1477;50000000.0;0.0;02.05.2018;41;1.7734;6;
1478;0.0;18000000.0;09.05.2018;48;1.7999;6;
1479;0.0;22531.93;18.05.2018;57;2.035;7;
1480;0.0;31540.6;18.05.2018;57;2.04;7;
1481;0.0;11219.09;23.05.2018;62;2.07;8;
1482;0.0;22743.97;23.04.2018;32;2.196;10;
1483;0.0;53359.31;24.04.2018;33;2.75;13;
1484;26598.02;0.0;30.04.2018;39;2.75;13;
1485;26524.42;0.0;08.05.2018;47;2.75;13;
1486;0.0;26524.42;08.05.2018;47;2.75;13;
1487;0.0;8918.16;21.05.2018;60;3.0;15;
1488;0.0;9673.1;29.05.2018;68;3.0;15;
1489;0.0;10273.31;05.06.2018;75;3.0;15;
1490;0.0;11271.33;19.06.2018;89;3.0;15;
1491;8842.28;0.0;21.05.2018;60;2.85;13;
1492;7700000.0;0.0;18.05.2018;57;1.8849;6;
1493;0.0;7700000.0;18.05.2018;57;1.8849;6;
1494;0.0;5200000.0;18.05.2018;57;1.8849;6;
1495;0.0;10000000.0;22.05.2018;61;1.9039;7;
1496;47800000.0;0.0;22.05.2018;61;1.9039;7;
1497;0.0;50000000.0;22.05.2018;61;1.9039;7;
1498;5000000.0;0.0;24.05.2018;63;1.9436;7;
1499;0.0;28600000.0;30.05.2018;69;1.9842;7;
1500;151200000.0;0.0;30.05.2018;69;1.9842;7;
1501;41600000.0;0.0;30.05.2018;69;1.9842;7;
1502;41600000.0;0.0;30.05.2018;69;1.9842;7;
1503;119600000.0;0.0;01.06.2018;71;2.0063;7;
1504;0.0;119000000.0;15.05.2018;54;1.8388;6;
1505;0.0;27100000.0;12.06.2018;82;2.0714;8;
1506;4200000.0;0.0;13.06.2018;83;2.0888;8;
1507;40100000.0;0.0;18.06.2018;88;2.1775;9;
1508;0.0;50000000.0;25.04.2018;34;1.7452;6;
1509;50900000.0;0.0;10.05.2018;49;1.8105;6;
1510;0.0;20500000.0;08.06.2018;78;2.0473;8;
1511;0.0;5100000.0;14.06.2018;84;2.1069;8;
1512;6100000.0;0.0;14.06.2018;84;2.1069;8;
1513;10300000.0;0.0;18.06.2018;88;2.1775;9;
1514;100000000.0;0.0;27.04.2018;36;1.7603;6;
1515;0.0;50000000.0;26.05.2018;65;1.056;1;
1516;0.0;40000000.0;31.05.2018;70;2.5394;12;
1517;20500000.0;0.0;25.04.2018;34;1.7452;6;
1518;0.0;20400000.0;26.04.2018;35;1.7525;6;
1519;10200000.0;0.0;26.04.2018;35;1.7525;6;
1520;10200000.0;0.0;30.04.2018;39;1.7603;6;
1521;10200000.0;0.0;30.04.2018;39;1.7723;6;
1522;0.0;6400000.0;30.04.2018;39;1.7723;6;
1523;0.0;13100000.0;01.05.2018;40;1.7734;6;
1524;0.0;15900000.0;01.05.2018;40;1.7734;6;
1525;23400000.0;0.0;01.05.2018;40;1.7734;6;
1526;29600000.0;0.0;01.05.2018;40;1.7734;6;
1527;48600000.0;0.0;01.05.2018;40;1.7734;6;
1528;10200000.0;0.0;03.05.2018;42;1.787;6;
1529;0.0;10200000.0;03.05.2018;42;1.787;6;
1530;12300000.0;0.0;03.05.2018;42;1.787;6;
1531;0.0;30700000.0;03.05.2018;42;1.787;6;
1532;0.0;500000000.0;04.05.2018;43;1.787;6;
1533;0.0;40900000.0;04.05.2018;43;1.787;6;
1534;6200000.0;0.0;10.05.2018;49;1.8105;6;
1535;10200000.0;0.0;14.05.2018;53;1.8334;6;
1536;14300000.0;0.0;14.05.2018;53;1.8334;6;
1537;0.0;16400000.0;14.05.2018;53;1.8334;6;
1538;0.0;10300000.0;14.05.2018;53;1.8334;6;
1539;0.0;10000000.0;08.05.2018;47;1.7935;6;
1540;0.0;10000000.0;08.05.2018;47;1.7935;6;
1541;31200000.0;0.0;08.05.2018;47;1.7935;6;
1542;0.0;14500000.0;10.05.2018;49;1.8105;6;
1543;6000000.0;0.0;14.05.2018;53;1.82;6;
1544;12500000.0;0.0;15.05.2018;54;1.8388;6;
1545;10000000.0;0.0;16.05.2018;55;1.85;6;
1546;5000000.0;0.0;16.05.2018;55;1.85;6;
1547;6000000.0;0.0;16.05.2018;55;1.85;6;
1548;10000000.0;0.0;17.05.2018;56;1.8849;6;
1549;0.0;10000000.0;21.05.2018;60;1.8921;7;
1550;0.0;15000000.0;21.05.2018;60;1.8921;7;
1551;0.0;10000000.0;21.05.2018;60;1.8921;7;
1552;16600000.0;0.0;23.05.2018;62;1.9198;7;
1553;10000000.0;0.0;23.05.2018;62;1.9198;7;
1554;31200000.0;0.0;24.05.2018;63;1.9436;7;
1555;0.0;20800000.0;24.05.2018;63;1.9436;7;
1556;0.0;10400000.0;29.05.2018;68;1.9563;7;
1557;10400000.0;0.0;01.06.2018;71;2.0063;7;
1558;0.0;10000000.0;04.06.2018;74;2.0172;7;
1559;31300000.0;0.0;04.06.2018;74;2.0246;7;
1560;20800000.0;0.0;04.06.2018;74;2.0172;7;
1561;20000000.0;0.0;04.06.2018;74;2.0246;7;
1562;151000000.0;0.0;04.06.2018;74;2.0246;7;
1563;60543482.51;0.0;04.06.2018;74;2.0246;7;
1564;0.0;10000000.0;06.06.2018;76;2.0252;7;
1565;10400000.0;0.0;06.06.2018;76;2.0252;7;
1566;5300000.0;0.0;07.06.2018;77;2.0349;7;
1567;0.0;104400000.0;08.06.2018;78;2.0473;8;
1568;10000000.0;0.0;11.06.2018;81;2.0573;8;
1569;0.0;10000000.0;11.06.2018;81;2.0573;8;
1570;26000000.0;0.0;07.06.2018;77;2.0349;7;
1571;0.0;104400000.0;11.06.2018;81;2.0714;8;
1572;18800000.0;0.0;13.06.2018;83;2.0888;8;
1573;0.0;10500000.0;13.06.2018;83;2.0888;8;
1574;10000000.0;0.0;13.06.2018;83;2.0888;8;
1575;0.0;16700000.0;14.06.2018;84;2.1069;8;
1576;0.0;10000000.0;14.06.2018;84;2.1069;8;
1577;0.0;10000000.0;14.06.2018;84;2.1069;8;
1578;0.0;8000000.0;18.06.2018;88;2.145;9;
1579;0.0;81000000.0;15.05.2018;54;1.8388;6;
1580;31400000.0;0.0;18.06.2018;88;2.145;9;
1581;0.0;12000000.0;19.06.2018;89;2.1775;9;
1582;0.0;20900000.0;18.06.2018;88;2.1775;9;
1583;14600000.0;0.0;20.06.2018;90;2.2018;11;
1584;0.0;208800000.0;20.06.2018;90;2.2018;11;
1585;110300000.0;0.0;20.06.2018;90;2.2018;11;
1586;261500000.0;0.0;30.04.2018;39;0.8495;0;
1587;82000000.0;0.0;15.05.2018;54;0.98;1;
1588;106100000.0;0.0;01.05.2018;40;1.7734;6;
1589;6400000.0;0.0;01.05.2018;40;1.7734;6;
1590;183500000.0;0.0;02.05.2018;41;1.7778;6;
1591;0.0;10300000.0;30.04.2018;39;1.7603;6;
1592;20600000.0;0.0;30.04.2018;39;1.7723;6;
1593;0.0;90000000.0;30.04.2018;39;1.7723;6;
1594;0.0;27400000.0;03.05.2018;42;1.787;6;
1595;0.0;20600000.0;08.05.2018;47;1.787;6;
1596;10300000.0;0.0;08.05.2018;47;1.7935;6;
1597;14400000.0;0.0;08.05.2018;47;1.7935;6;
1598;0.0;10300000.0;10.05.2018;49;1.8105;6;
1599;0.0;10300000.0;14.05.2018;53;1.8334;6;
1600;0.0;20600000.0;24.05.2018;63;1.9436;7;
1601;14400000.0;0.0;29.05.2018;68;1.9436;7;
1602;0.0;14400000.0;29.05.2018;68;1.9436;7;
1603;0.0;78491509.05;31.05.2018;70;1.9842;7;
1604;10300000.0;0.0;29.05.2018;68;1.9563;7;
1605;10300000.0;0.0;01.06.2018;71;2.0063;7;
1606;10300000.0;0.0;01.06.2018;71;2.0063;7;
1607;0.0;14400000.0;04.06.2018;74;2.0172;7;
1608;14400000.0;0.0;04.06.2018;74;2.0172;7;
1609;0.0;10300000.0;04.06.2018;74;2.0172;7;
1610;200000000.0;0.0;04.06.2018;74;2.0246;7;
1611;0.0;10300000.0;08.06.2018;78;2.0473;8;
1612;20600000.0;0.0;11.06.2018;81;2.0714;8;
1613;10300000.0;0.0;11.06.2018;81;2.0714;8;
1614;0.0;14400000.0;14.06.2018;84;2.1069;8;
1615;0.0;10300000.0;18.06.2018;88;2.145;9;
1616;0.0;14300000.0;30.04.2018;39;1.7603;6;
1617;0.0;10800000.0;02.05.2018;41;1.7778;6;
1618;0.0;14100000.0;04.05.2018;43;1.787;6;
1619;0.0;20500000.0;04.05.2018;43;1.787;6;
1620;20600000.0;0.0;14.05.2018;53;1.8105;6;
1621;0.0;10900000.0;16.05.2018;55;1.85;6;
1622;10400000.0;0.0;16.05.2018;55;1.85;6;
1623;0.0;5400000.0;17.05.2018;56;1.8849;6;
1624;0.0;10300000.0;04.06.2018;74;2.0246;7;
1625;6000000.0;0.0;07.06.2018;77;2.0349;7;
1626;0.0;10300000.0;08.06.2018;78;2.0473;8;
1627;0.0;16500000.0;11.06.2018;81;2.0714;8;
1628;0.0;6000000.0;11.06.2018;81;2.0714;8;
1629;12400000.0;0.0;14.06.2018;84;2.1069;8;
1630;12400000.0;0.0;18.06.2018;88;2.145;9;
1631;20500000.0;0.0;23.04.2018;32;1.7447;6;
1632;67300000.0;0.0;21.05.2018;60;1.8849;6;
1633;0.0;5000000.0;11.06.2018;81;2.0714;8;
1634;8200000.0;0.0;14.06.2018;84;2.1069;8;
1635;0.0;12300000.0;15.06.2018;85;2.1245;8;
1636;0.0;10300000.0;18.06.2018;88;2.145;9;
1637;15300000.0;0.0;18.06.2018;88;2.1775;9;
1638;8200000.0;0.0;18.06.2018;88;2.1775;9;
1639;0.0;50000000.0;08.05.2018;47;1.789;6;
1640;0.0;130000000.0;23.04.2018;32;1.7447;6;
1641;0.0;26400000.0;10.05.2018;49;1.8105;6;
1642;65000000.0;0.0;15.06.2018;85;2.1245;8;
1643;140000000.0;0.0;14.06.2018;84;2.1069;8;
1644;0.0;50000000.0;09.05.2018;48;1.7999;6;
1645;115000000.0;0.0;09.05.2018;48;1.7999;6;
1646;16000000.0;0.0;23.04.2018;32;1.7447;6;
1647;0.0;22000000.0;25.04.2018;34;1.7452;6;
1648;0.0;15000000.0;30.04.2018;39;1.7669;6;
1649;245000000.0;0.0;31.05.2018;70;1.9842;7;
1650;163000000.0;0.0;21.05.2018;60;1.8849;6;
1651;10000000.0;0.0;23.04.2018;32;1.7445;6;
1652;0.0;54700000.0;24.04.2018;33;1.7413;6;
1653;10000000.0;0.0;24.04.2018;33;1.7413;6;
1654;22800000.0;0.0;24.04.2018;33;1.7413;6;
1655;0.0;104000000.0;24.04.2018;33;1.7413;6;
1656;0.0;12500000.0;25.04.2018;34;1.7452;6;
1657;0.0;52000000.0;25.04.2018;34;1.7452;6;
1658;0.0;104000000.0;27.04.2018;36;1.7603;6;
1659;14000000.0;0.0;27.04.2018;36;1.7603;6;
1660;0.0;52000000.0;27.04.2018;36;1.7603;6;
1661;11000000.0;0.0;30.04.2018;39;1.7669;6;
1662;0.0;2500000.0;30.04.2018;39;1.7669;6;
1663;1000000.0;0.0;30.04.2018;39;1.7669;6;
1664;200000000.0;0.0;23.04.2018;32;1.7447;6;
1665;0.0;26000000.0;21.05.2018;60;1.8849;6;
1666;20000000.0;0.0;23.05.2018;62;1.9198;7;
1667;10200000.0;0.0;14.06.2018;84;2.1069;8;
1668;0.0;6100000.0;14.06.2018;84;2.1069;8;
1669;12300000.0;0.0;15.06.2018;85;2.1245;8;
1670;0.0;8200000.0;18.06.2018;88;2.145;9;
1671;0.0;50000000.0;24.05.2018;63;1.03;1;
1672;0.0;11100000.0;01.05.2018;40;1.7734;6;
1673;0.0;17000000.0;16.05.2018;55;1.85;6;
1674;0.0;97000000.0;21.05.2018;60;1.8849;6;
1675;0.0;60000000.0;22.05.2018;61;1.9039;7;
1676;20000000.0;0.0;05.06.2018;75;2.0246;7;
1677;0.0;34000000.0;05.06.2018;75;2.0246;7;
1678;22000000.0;0.0;30.04.2018;39;1.7603;6;
1679;4500000.0;0.0;04.05.2018;43;1.787;6;
1680;2100000.0;0.0;08.05.2018;47;1.787;6;
1681;0.0;12400000.0;08.05.2018;47;1.787;6;
1682;27500000.0;0.0;15.05.2018;54;1.8388;6;
1683;54900000.0;0.0;08.06.2018;78;2.0473;8;
1684;0.0;12800000.0;11.06.2018;81;2.0714;8;
1685;0.0;16300000.0;23.04.2018;32;1.7445;6;
1686;10200000.0;0.0;23.04.2018;32;1.7445;6;
1687;20500000.0;0.0;24.04.2018;33;1.7413;6;
1688;21000000.0;0.0;27.04.2018;36;1.5622;4;
1689;102600000.0;0.0;27.04.2018;36;1.7603;6;
1690;0.0;55000000.0;15.06.2018;85;2.1245;8;
1691;0.0;72100000.0;15.06.2018;85;2.1245;8;
1692;0.0;90000000.0;04.06.2018;74;1.668;5;
1693;0.0;80000000.0;04.06.2018;74;1.668;5;
1694;10300000.0;0.0;26.04.2018;35;1.7525;6;
1695;11300000.0;0.0;30.04.2018;39;1.7603;6;
1696;20500000.0;0.0;04.05.2018;43;1.787;6;
1697;20500000.0;0.0;04.05.2018;43;1.787;6;
1698;12700000.0;0.0;08.05.2018;47;1.787;6;
1699;10200000.0;0.0;08.05.2018;47;1.787;6;
1700;10300000.0;0.0;08.05.2018;47;1.789;6;
1701;0.0;10300000.0;10.05.2018;49;1.8105;6;
1702;10300000.0;0.0;10.05.2018;49;1.8105;6;
1703;10300000.0;0.0;14.05.2018;53;1.8105;6;
1704;38300000.0;0.0;17.05.2018;56;1.8849;6;
1705;0.0;52000000.0;23.05.2018;62;1.9198;7;
1706;0.0;10300000.0;23.05.2018;62;1.9198;7;
1707;0.0;27000000.0;04.06.2018;74;2.0172;7;
1708;0.0;2910881.55;29.05.2018;68;7.75;25;
1709;0.0;5418259.76;30.04.2018;39;3.723;18;
1710;0.0;630619.9;30.04.2018;39;9.125;26;
1711;678172.92;0.0;29.05.2018;68;6.875;20;
1712;0.0;851826.28;29.05.2018;68;6.875;20;
1713;0.0;375731.11;27.04.2018;36;3.0;14;
1714;0.0;905331.69;27.04.2018;36;3.0;14;
1715;41600000.0;0.0;03.05.2018;42;1.787;6;
1716;0.0;31200000.0;08.05.2018;47;1.789;6;
1717;0.0;151400000.0;08.05.2018;47;1.789;6;
1718;180000000.0;0.0;18.06.2018;88;2.1775;9;
1719;75000000.0;0.0;08.05.2018;47;1.7935;6;
1720;0.0;10000000.0;08.05.2018;47;1.7907;6;
1721;15000000.0;0.0;09.05.2018;48;1.7999;6;
1722;54700000.0;0.0;09.05.2018;48;1.7999;6;
1723;0.0;15000000.0;10.05.2018;49;1.8105;6;
1724;10000000.0;0.0;14.05.2018;53;1.82;6;
1725;20800000.0;0.0;14.05.2018;53;1.8334;6;
1726;20800000.0;0.0;14.05.2018;53;1.82;6;
1727;10000000.0;0.0;14.05.2018;53;1.82;6;
1728;15000000.0;0.0;15.05.2018;54;1.8388;6;
1729;10000000.0;0.0;15.05.2018;54;1.8388;6;
1730;7000000.0;0.0;16.05.2018;55;1.85;6;
1731;10000000.0;0.0;16.05.2018;55;1.85;6;
1732;10000000.0;0.0;17.05.2018;56;1.8849;6;
1733;10000000.0;0.0;17.05.2018;56;1.8849;6;
1734;208200000.0;0.0;21.05.2018;60;1.8921;7;
1735;10000000.0;0.0;21.05.2018;60;1.8921;7;
1736;0.0;50000000.0;21.05.2018;60;1.8921;7;
1737;0.0;10000000.0;21.05.2018;60;1.8921;7;
1738;10400000.0;0.0;23.05.2018;62;1.9198;7;
1739;0.0;20800000.0;23.05.2018;62;1.9198;7;
1740;0.0;10400000.0;24.05.2018;63;1.9436;7;
1741;0.0;16600000.0;29.05.2018;68;1.9842;7;
1742;31300000.0;0.0;04.06.2018;74;2.0172;7;
1743;10000000.0;0.0;04.06.2018;74;2.0246;7;
1744;0.0;116900000.0;04.06.2018;74;2.0246;7;
1745;0.0;10400000.0;04.06.2018;74;2.0246;7;
1746;0.0;164000000.0;04.06.2018;74;2.0246;7;
1747;20130000.0;0.0;04.06.2018;74;2.0246;7;
1748;0.0;107067637.1;04.06.2018;74;2.0246;7;
1749;6100000.0;0.0;04.06.2018;74;2.0246;7;
1750;10400000.0;0.0;06.06.2018;76;2.0252;7;
1751;10400000.0;0.0;07.06.2018;77;2.0349;7;
1752;20900000.0;0.0;07.06.2018;77;2.0349;7;
1753;0.0;25100000.0;08.06.2018;78;2.0473;8;
1754;55100000.0;0.0;08.06.2018;78;2.0473;8;
1755;0.0;161000000.0;15.05.2018;54;1.8388;6;
1756;0.0;10000000.0;11.06.2018;81;2.0573;8;
1757;55300000.0;0.0;11.06.2018;81;2.0714;8;
1758;55200000.0;0.0;11.06.2018;81;2.0714;8;
1759;20900000.0;0.0;11.06.2018;81;2.0714;8;
1760;1400000.0;0.0;13.06.2018;83;2.0888;8;
1761;50000000.0;0.0;13.06.2018;83;2.0888;8;
1762;126000000.0;0.0;13.06.2018;83;2.0888;8;
1763;10000000.0;0.0;14.06.2018;84;2.1069;8;
1764;10000000.0;0.0;14.06.2018;84;2.1069;8;
1765;0.0;10000000.0;15.06.2018;85;2.1245;8;
1766;0.0;20900000.0;15.06.2018;85;2.1245;8;
1767;20900000.0;0.0;15.06.2018;85;2.1245;8;
1768;12000000.0;0.0;18.06.2018;88;2.145;9;
1769;10000000.0;0.0;18.06.2018;88;2.145;9;
1770;0.0;30000000.0;18.06.2018;88;2.145;9;
1771;200000000.0;0.0;18.06.2018;88;2.145;9;
1772;0.0;20900000.0;20.06.2018;90;2.2018;11;
1773;10400000.0;0.0;23.04.2018;32;1.7445;6;
1774;10000000.0;0.0;23.04.2018;32;1.7445;6;
1775;0.0;10400000.0;24.04.2018;33;1.7413;6;
1776;0.0;38600000.0;24.04.2018;33;1.7413;6;
1777;15100000.0;0.0;27.04.2018;36;1.7603;6;
1778;20800000.0;0.0;26.04.2018;35;1.7525;6;
1779;0.0;52100000.0;27.04.2018;36;1.7603;6;
1780;0.0;10000000.0;30.04.2018;39;1.7669;6;
1781;17200000.0;0.0;30.04.2018;39;1.7669;6;
1782;0.0;10000000.0;30.04.2018;39;1.7669;6;
1783;5600000.0;0.0;30.04.2018;39;1.7669;6;
1784;25000000.0;0.0;30.04.2018;39;1.7603;6;
1785;10000000.0;0.0;30.04.2018;39;1.7669;6;
1786;0.0;20800000.0;30.04.2018;39;1.7669;6;
1787;0.0;10000000.0;30.04.2018;39;1.7723;6;
1788;0.0;75000000.0;01.05.2018;40;1.7734;6;
1789;0.0;16600000.0;02.05.2018;41;1.7778;6;
1790;10000000.0;0.0;03.05.2018;42;1.787;6;
1791;0.0;20400000.0;15.06.2018;85;2.1245;8;
1792;70000000.0;0.0;15.06.2018;85;2.3375;11;
1793;0.0;204000000.0;19.06.2018;89;2.1775;9;
1794;0.0;10200000.0;19.06.2018;89;2.1775;9;
1795;0.0;20400000.0;20.06.2018;90;2.2018;11;
1796;14300000.0;0.0;20.06.2018;90;2.2018;11;
1797;20400000.0;0.0;01.06.2018;71;2.0063;7;
1798;0.0;30600000.0;04.06.2018;74;2.0246;7;
1799;0.0;29250000.0;30.04.2018;39;1.7603;6;
1800;0.0;103000000.0;11.06.2018;81;2.0714;8;
1801;10200000.0;0.0;23.04.2018;32;1.7447;6;
1802;10200000.0;0.0;25.04.2018;34;1.7452;6;
1803;0.0;10200000.0;25.04.2018;34;1.7452;6;
1804;30500000.0;0.0;30.04.2018;39;1.7603;6;
1805;0.0;12200000.0;30.04.2018;39;1.7603;6;
1806;100000000.0;0.0;11.05.2018;50;1.8105;6;
1807;0.0;14300000.0;14.05.2018;53;1.8105;6;
1808;0.0;10200000.0;16.05.2018;55;1.85;6;
1809;6300000.0;0.0;18.05.2018;57;1.8849;6;
1810;4400000.0;0.0;22.05.2018;61;1.9039;7;
1811;6300000.0;0.0;31.05.2018;70;1.9842;7;
1812;0.0;14300000.0;01.06.2018;71;2.0063;7;
1813;14300000.0;0.0;06.06.2018;76;2.0252;7;
1814;8500000.0;0.0;06.06.2018;76;2.0252;7;
1815;20800000.0;0.0;08.05.2018;47;1.789;6;
1816;6200000.0;0.0;08.05.2018;47;1.7935;6;
1817;0.0;12500000.0;08.05.2018;47;1.7907;6;
1818;10000000.0;0.0;08.05.2018;47;1.7907;6;
1819;0.0;20800000.0;08.05.2018;47;1.7907;6;
1820;5000000.0;0.0;09.05.2018;48;1.7999;6;
1821;0.0;20800000.0;09.05.2018;48;1.7999;6;
1822;0.0;15000000.0;10.05.2018;49;1.8105;6;
1823;0.0;10400000.0;08.05.2018;47;1.789;6;
1824;0.0;10200000.0;06.06.2018;76;2.0252;7;
1825;10200000.0;0.0;06.06.2018;76;2.0252;7;
1826;0.0;50000000.0;15.06.2018;85;2.1245;8;
1827;0.0;70000000.0;15.06.2018;85;2.1266;8;
1828;0.0;14300000.0;18.06.2018;88;2.145;9;
1829;40800000.0;0.0;18.06.2018;88;2.145;9;
1830;0.0;10200000.0;19.06.2018;89;2.1775;9;
1831;20400000.0;0.0;20.06.2018;90;2.2018;11;
1832;29500000.0;0.0;20.06.2018;90;2.2018;11;
1833;10200000.0;0.0;20.06.2018;90;2.2018;11;
1834;40800000.0;0.0;21.06.2018;91;2.2225;11;
1835;0.0;49300000.0;30.04.2018;39;1.7603;6;
1836;10400000.0;0.0;30.04.2018;39;1.7603;6;
1837;0.0;46400000.0;30.04.2018;39;1.7723;6;
1838;0.0;20900000.0;01.05.2018;40;1.7734;6;
1839;0.0;11000000.0;01.05.2018;40;1.7734;6;
1840;0.0;10400000.0;03.05.2018;42;1.787;6;
1841;46300000.0;0.0;03.05.2018;42;1.787;6;
1842;0.0;31300000.0;03.05.2018;42;1.787;6;
1843;38100000.0;0.0;04.05.2018;43;1.787;6;
1844;0.0;31300000.0;09.05.2018;48;1.7999;6;
1845;0.0;50800000.0;11.05.2018;50;1.8105;6;
1846;0.0;20800000.0;14.05.2018;53;1.8334;6;
1847;0.0;10900000.0;14.05.2018;53;1.8334;6;
1848;0.0;1100000.0;15.05.2018;54;1.8388;6;
1849;20800000.0;0.0;17.05.2018;56;1.8849;6;
1850;7600000.0;0.0;17.05.2018;56;1.8849;6;
1851;15000000.0;0.0;17.05.2018;56;1.8849;6;
1852;0.0;10900000.0;17.05.2018;56;1.8849;6;
1853;0.0;7700000.0;18.05.2018;57;1.8849;6;
1854;0.0;8300000.0;21.05.2018;60;1.8921;7;
1855;0.0;25000000.0;22.05.2018;61;1.9039;7;
1856;5000000.0;0.0;16.05.2018;55;1.85;6;
1857;20000000.0;0.0;29.05.2018;68;1.9436;7;
1858;15000000.0;0.0;30.05.2018;69;1.9842;7;
1859;0.0;51600000.0;30.05.2018;69;1.9842;7;
1860;10800000.0;0.0;31.05.2018;70;1.9842;7;
1861;75000000.0;0.0;01.06.2018;71;2.0063;7;
1862;75000000.0;0.0;01.06.2018;71;2.0063;7;
1863;0.0;41800000.0;01.06.2018;71;2.0063;7;
1864;0.0;66700000.0;01.06.2018;71;2.0063;7;
1865;0.0;54300000.0;01.06.2018;71;2.0063;7;
1866;0.0;36900000.0;07.06.2018;77;2.0349;7;
1867;36900000.0;0.0;07.06.2018;77;2.0349;7;
1868;36500000.0;0.0;08.06.2018;78;2.0473;8;
1869;0.0;12500000.0;11.06.2018;81;2.0714;8;
1870;0.0;20800000.0;12.06.2018;82;2.0714;8;
1871;55000000.0;0.0;13.06.2018;83;2.0888;8;
1872;27000000.0;0.0;18.06.2018;88;2.1775;9;
1873;0.0;43700000.0;18.06.2018;88;2.1775;9;
1874;15000000.0;0.0;30.04.2018;39;1.7669;6;
1875;0.0;23000000.0;30.04.2018;39;1.7603;6;
1876;0.0;6200000.0;01.05.2018;40;1.7734;6;
1877;10400000.0;0.0;13.06.2018;83;2.0888;8;
1878;10000000.0;0.0;13.06.2018;83;2.0888;8;
1879;0.0;52250000.0;13.06.2018;83;2.0888;8;
1880;0.0;10500000.0;14.06.2018;84;2.1069;8;
1881;0.0;12600000.0;14.06.2018;84;2.1069;8;
1882;0.0;20900000.0;15.06.2018;85;2.1245;8;
1883;27700000.0;0.0;15.06.2018;85;2.1245;8;
1884;12000000.0;0.0;18.06.2018;88;2.145;9;
1885;0.0;16600000.0;18.06.2018;88;2.145;9;
1886;0.0;12000000.0;18.06.2018;88;2.145;9;
1887;0.0;10000000.0;18.06.2018;88;2.1775;9;
1888;10000000.0;0.0;20.06.2018;90;2.2018;11;
1889;0.0;200000000.0;20.06.2018;90;2.2018;11;
1890;16700000.0;0.0;21.06.2018;91;2.2225;11;
1891;0.0;160500000.0;15.05.2018;54;1.8388;6;
1892;0.0;15000000.0;14.06.2018;84;2.1069;8;
1893;0.0;163000000.0;19.05.2018;58;1.34;2;
1894;25500000.0;0.0;06.06.2018;76;1.383;2;
1895;40000000.0;0.0;27.04.2018;36;1.4685;3;
1896;10900000.0;0.0;04.06.2018;74;2.0246;7;
1897;5400000.0;0.0;05.06.2018;75;2.0246;7;
1898;10300000.0;0.0;06.06.2018;76;2.0252;7;
1899;10300000.0;0.0;11.06.2018;81;2.0714;8;
1900;12800000.0;0.0;11.06.2018;81;2.0714;8;
1901;0.0;12800000.0;12.06.2018;82;2.0714;8;
1902;0.0;20600000.0;13.06.2018;83;2.0888;8;
1903;0.0;10400000.0;18.06.2018;88;2.145;9;
1904;5500000.0;0.0;18.06.2018;88;2.1775;9;
1905;0.0;10300000.0;18.06.2018;88;2.1775;9;
1906;0.0;38200000.0;23.04.2018;32;1.7445;6;
1907;10300000.0;0.0;24.04.2018;33;1.7413;6;
1908;20000000.0;0.0;01.05.2018;40;1.7734;6;
1909;10300000.0;0.0;01.05.2018;40;1.7734;6;
1910;0.0;103500000.0;01.05.2018;40;1.7734;6;
1911;5100000.0;0.0;08.05.2018;47;1.787;6;
1912;0.0;10300000.0;08.05.2018;47;1.787;6;
1913;10300000.0;0.0;11.05.2018;50;1.8105;6;
1914;10300000.0;0.0;14.05.2018;53;1.8105;6;
1915;31000000.0;0.0;14.05.2018;53;1.8334;6;
1916;0.0;10300000.0;14.05.2018;53;1.8334;6;
1917;52000000.0;0.0;21.05.2018;60;1.8921;7;
1918;14400000.0;0.0;21.05.2018;60;1.8921;7;
1919;0.0;14400000.0;29.05.2018;68;1.9842;7;
1920;21900000.0;0.0;04.06.2018;74;2.0246;7;
1921;10300000.0;0.0;04.06.2018;74;2.0246;7;
1922;0.0;20700000.0;08.06.2018;78;2.0473;8;
1923;0.0;43500000.0;08.06.2018;78;2.0473;8;
1924;10300000.0;0.0;12.06.2018;82;2.0714;8;
1925;0.0;10400000.0;15.06.2018;85;2.1245;8;
1926;0.0;31000000.0;18.06.2018;88;2.1775;9;
1927;21900000.0;0.0;19.06.2018;89;2.1775;9;
1928;20700000.0;0.0;23.04.2018;32;1.7445;6;
1929;0.0;20700000.0;30.04.2018;39;1.7603;6;
1930;0.0;10300000.0;30.04.2018;39;1.7603;6;
1931;10300000.0;0.0;30.04.2018;39;1.7723;6;
1932;51600000.0;0.0;03.05.2018;42;1.787;6;
1933;0.0;11000000.0;03.05.2018;42;1.787;6;
1934;0.0;20600000.0;03.05.2018;42;1.787;6;
1935;20600000.0;0.0;08.05.2018;47;1.789;6;
1936;0.0;10300000.0;10.05.2018;49;1.8105;6;
1937;12800000.0;0.0;18.05.2018;57;1.8849;6;
1938;0.0;21000000.0;21.05.2018;60;1.8849;6;
1939;0.0;20700000.0;21.05.2018;60;1.8921;7;
1940;0.0;20600000.0;25.05.2018;64;1.9436;7;
1941;12300000.0;0.0;29.05.2018;68;1.9563;7;
1942;21900000.0;0.0;18.05.2018;57;1.8849;6;
1943;0.0;31000000.0;04.06.2018;74;2.0172;7;
1944;22000000.0;0.0;05.06.2018;75;2.0246;7;
1945;10300000.0;0.0;11.06.2018;81;2.0714;8;
1946;0.0;25600000.0;18.06.2018;88;2.1775;9;
1947;0.0;20500000.0;23.04.2018;32;1.7447;6;
1948;0.0;34500000.0;23.04.2018;32;1.7447;6;
1949;72000000.0;0.0;23.04.2018;32;1.7447;6;
1950;5400000.0;0.0;23.04.2018;32;1.7445;6;
1951;24600000.0;0.0;27.04.2018;36;1.7603;6;
1952;20500000.0;0.0;27.04.2018;36;1.7603;6;
1953;41200000.0;0.0;18.05.2018;57;1.8849;6;
1954;10900000.0;0.0;11.06.2018;81;2.0573;8;
1955;0.0;15000000.0;11.06.2018;81;2.0714;8;
1956;60700000.0;0.0;15.06.2018;85;2.1245;8;
1957;0.0;51500000.0;18.06.2018;88;2.1775;9;
1958;30900000.0;0.0;19.06.2018;89;2.1775;9;
1959;115000000.0;0.0;01.05.2018;40;1.7734;6;
1960;0.0;31000000.0;23.04.2018;32;1.7445;6;
1961;31000000.0;0.0;27.04.2018;36;1.7603;6;
1962;10300000.0;0.0;30.04.2018;39;1.7669;6;
1963;20600000.0;0.0;30.04.2018;39;1.7723;6;
1964;0.0;16500000.0;03.05.2018;42;1.787;6;
1965;20700000.0;0.0;03.05.2018;42;1.787;6;
1966;10900000.0;0.0;08.05.2018;47;1.7935;6;
1967;0.0;20700000.0;10.05.2018;49;1.8105;6;
1968;0.0;12400000.0;14.05.2018;53;1.82;6;
1969;100000000.0;0.0;30.05.2018;69;1.9842;7;
1970;175000000.0;0.0;24.04.2018;33;1.7413;6;
1971;25000000.0;0.0;24.04.2018;33;1.7413;6;
1972;20400000.0;0.0;04.06.2018;74;2.0246;7;
1973;102400000.0;0.0;15.06.2018;85;2.1245;8;
1974;0.0;102300000.0;18.06.2018;88;2.1775;9;
1975;106000000.0;0.0;21.06.2018;91;2.2225;11;
1976;0.0;10200000.0;23.04.2018;32;1.7447;6;
1977;0.0;30700000.0;27.04.2018;36;1.7603;6;
1978;10200000.0;0.0;27.04.2018;36;1.7603;6;
1979;50000000.0;0.0;30.04.2018;39;1.7603;6;
1980;102300000.0;0.0;30.04.2018;39;1.7603;6;
1981;12700000.0;0.0;21.05.2018;60;1.8849;6;
1982;0.0;10200000.0;25.05.2018;64;1.9436;7;
1983;0.0;10300000.0;29.05.2018;68;1.9563;7;
1984;0.0;20500000.0;31.05.2018;70;1.9842;7;
1985;0.0;50000000.0;07.06.2018;77;2.0349;7;
1986;0.0;102200000.0;08.06.2018;78;2.0473;8;
1987;52800000.0;0.0;08.06.2018;78;2.0473;8;
1988;0.0;115000000.0;11.06.2018;81;1.7225;5;
1989;0.0;30800000.0;21.06.2018;91;2.2225;11;
1990;0.0;47000000.0;31.05.2018;70;1.9842;7;
1991;0.0;20500000.0;23.04.2018;32;1.7445;6;
1992;0.0;100000000.0;27.04.2018;36;1.7603;6;
1993;0.0;53600000.0;30.04.2018;39;1.7669;6;
1994;30900000.0;0.0;08.05.2018;47;1.789;6;
1995;0.0;79000000.0;30.04.2018;39;1.7723;6;
1996;54300000.0;0.0;07.06.2018;77;2.0349;7;
1997;54400000.0;0.0;08.06.2018;78;2.0473;8;
1998;54200000.0;0.0;14.06.2018;84;2.1069;8;
1999;54100000.0;0.0;18.06.2018;88;2.145;9;
2000;0.0;124000000.0;31.05.2018;70;1.9842;7;
2001;21400000.0;0.0;23.04.2018;32;1.7447;6;
2002;0.0;5000000.0;23.04.2018;32;1.7447;6;
2003;0.0;53500000.0;27.04.2018;36;1.7603;6;
2004;78000000.0;0.0;30.05.2018;69;1.9842;7;
2005;106900000.0;0.0;01.05.2018;40;1.7734;6;
2006;35000000.0;0.0;23.04.2018;32;1.7447;6;
2007;0.0;10200000.0;01.05.2018;40;1.7734;6;
2008;0.0;8600000.0;04.05.2018;43;1.787;6;
2009;65000000.0;0.0;08.05.2018;47;1.789;6;
2010;10200000.0;0.0;09.05.2018;48;1.7999;6;
2011;0.0;10200000.0;09.05.2018;48;1.7999;6;
2012;0.0;25600000.0;10.05.2018;49;1.8105;6;
2013;33000000.0;0.0;11.05.2018;50;1.8105;6;
2014;0.0;52700000.0;14.05.2018;53;1.8105;6;
2015;0.0;25500000.0;16.05.2018;55;1.85;6;
2016;10000000.0;0.0;18.05.2018;57;1.8849;6;
2017;52900000.0;0.0;21.05.2018;60;1.8849;6;
2018;0.0;52700000.0;23.05.2018;62;1.9198;7;
2019;0.0;77000000.0;30.05.2018;69;1.9842;7;
2020;0.0;15800000.0;01.06.2018;71;2.0063;7;
2021;15800000.0;0.0;04.06.2018;74;2.0246;7;
2022;10000000.0;0.0;24.04.2018;33;1.7413;6;
2023;2100000.0;0.0;24.04.2018;33;1.7413;6;
2024;9000000.0;0.0;26.04.2018;35;1.7525;6;
2025;0.0;104900000.0;27.04.2018;36;1.7603;6;
2026;10400000.0;0.0;25.04.2018;34;1.7452;6;
2027;109500000.0;0.0;26.04.2018;35;1.7525;6;
2028;10400000.0;0.0;26.04.2018;35;1.7525;6;
2029;0.0;10400000.0;26.04.2018;35;1.7525;6;
2030;0.0;10400000.0;26.04.2018;35;1.7525;6;
2031;208400000.0;0.0;27.04.2018;36;1.7603;6;
2032;16700000.0;0.0;27.04.2018;36;1.7603;6;
2033;10400000.0;0.0;27.04.2018;36;1.7603;6;
2034;31300000.0;0.0;27.04.2018;36;1.7603;6;
2035;0.0;31300000.0;30.04.2018;39;1.7603;6;
2036;0.0;5000000.0;02.05.2018;41;1.7778;6;
2037;0.0;10400000.0;02.05.2018;41;1.7778;6;
2038;0.0;1000.0;04.05.2018;43;1.787;6;
2039;0.0;10400000.0;04.05.2018;43;1.787;6;
2040;0.0;41700000.0;04.05.2018;43;1.787;6;
2041;31000000.0;0.0;08.05.2018;47;1.7907;6;
2042;10400000.0;0.0;08.05.2018;47;1.7907;6;
2043;21000000.0;0.0;09.05.2018;48;1.7999;6;
2044;10000000.0;0.0;09.05.2018;48;1.7999;6;
2045;0.0;41800000.0;14.05.2018;53;1.8105;6;
2046;0.0;18800000.0;14.05.2018;53;1.8105;6;
2047;10500000.0;0.0;15.05.2018;54;1.8388;6;
2048;0.0;10600000.0;15.05.2018;54;1.8388;6;
2049;0.0;5000000.0;16.05.2018;55;1.85;6;
2050;15000000.0;0.0;16.05.2018;55;1.85;6;
2051;25000000.0;0.0;25.04.2018;34;1.7452;6;
2052;0.0;125450000.0;15.05.2018;54;3.6;18;
2053;0.0;427.07;27.04.2018;36;3.0;16;
2054;0.0;68303.99;27.04.2018;36;3.0;16;
2055;0.0;20600000.0;21.05.2018;60;1.8849;6;
2056;18500000.0;0.0;21.05.2018;60;1.8849;6;
2057;0.0;14400000.0;29.05.2018;68;1.9436;7;
2058;14300000.0;0.0;29.05.2018;68;1.9436;7;
2059;0.0;18500000.0;29.05.2018;68;1.9563;7;
2060;10300000.0;0.0;29.05.2018;68;1.9842;7;
2061;0.0;10300000.0;29.05.2018;68;1.9842;7;
2062;12300000.0;0.0;04.06.2018;74;2.0172;7;
2063;10300000.0;0.0;04.06.2018;74;2.0172;7;
2064;0.0;16500000.0;04.06.2018;74;2.0172;7;
2065;0.0;5400000.0;04.06.2018;74;2.0246;7;
2066;20600000.0;0.0;11.06.2018;81;2.0714;8;
2067;0.0;17800000.0;18.06.2018;88;2.145;9;
2068;12300000.0;0.0;23.04.2018;32;1.7447;6;
2069;16400000.0;0.0;30.04.2018;39;1.7669;6;
2070;16400000.0;0.0;02.05.2018;41;1.7778;6;
2071;14400000.0;0.0;02.05.2018;41;1.7778;6;
2072;10300000.0;0.0;03.05.2018;42;1.787;6;
2073;0.0;20500000.0;09.05.2018;48;1.7999;6;
2074;20600000.0;0.0;14.05.2018;53;1.8105;6;
2075;0.0;5500000.0;16.05.2018;55;1.85;6;
2076;87000000.0;0.0;16.05.2018;55;1.85;6;
2077;0.0;21000000.0;17.05.2018;56;1.8849;6;
2078;0.0;17400000.0;17.05.2018;56;1.8849;6;
2079;0.0;10300000.0;04.06.2018;74;2.0172;7;
2080;10300000.0;0.0;04.06.2018;74;2.0246;7;
2081;10300000.0;0.0;07.06.2018;77;2.0349;7;
2082;10300000.0;0.0;07.06.2018;77;2.0349;7;
2083;12400000.0;0.0;07.06.2018;77;2.0349;7;
2084;0.0;16500000.0;11.06.2018;81;2.0714;8;
2085;0.0;11000000.0;25.05.2018;64;1.9436;7;
2086;50000000.0;0.0;29.05.2018;68;1.9436;7;
2087;0.0;20800000.0;30.05.2018;69;1.9842;7;
2088;0.0;10400000.0;31.05.2018;70;1.9842;7;
2089;0.0;11000000.0;04.06.2018;74;2.0172;7;
2090;0.0;25000000.0;04.06.2018;74;2.0172;7;
2091;0.0;100000000.0;04.06.2018;74;2.0172;7;
2092;0.0;100000000.0;05.06.2018;75;2.0246;7;
2093;0.0;10000000.0;05.06.2018;75;2.0246;7;
2094;20800000.0;0.0;12.06.2018;82;2.0714;8;
2095;8000000.0;0.0;13.06.2018;83;2.0888;8;
2096;0.0;41600000.0;18.06.2018;88;2.145;9;
2097;4500000.0;0.0;19.06.2018;89;2.1775;9;
2098;11000000.0;0.0;19.06.2018;89;2.1775;9;
2099;0.0;11000000.0;20.06.2018;90;2.2018;11;
2100;0.0;51500000.0;11.06.2018;81;2.0714;8;
2101;86500000.0;0.0;18.06.2018;88;2.1775;9;
2102;30800000.0;0.0;30.04.2018;39;1.7669;6;
2103;0.0;20600000.0;09.05.2018;48;1.7999;6;
2104;27300000.0;0.0;14.05.2018;53;1.8105;6;
2105;0.0;30900000.0;14.05.2018;53;1.8105;6;
2106;22500000.0;0.0;18.05.2018;57;1.8849;6;
2107;0.0;20600000.0;01.06.2018;71;2.0063;7;
2108;54400000.0;0.0;08.06.2018;78;2.0473;8;
2109;206200000.0;0.0;11.06.2018;81;2.0573;8;
2110;0.0;30900000.0;11.06.2018;81;2.0714;8;
2111;0.0;103000000.0;18.06.2018;88;2.145;9;
2112;24600000.0;0.0;23.04.2018;32;1.7447;6;
2113;20500000.0;0.0;26.04.2018;35;1.7525;6;
2114;0.0;20500000.0;27.04.2018;36;1.7603;6;
2115;0.0;20500000.0;27.04.2018;36;1.7603;6;
2116;20500000.0;0.0;30.04.2018;39;1.7603;6;
2117;0.0;204900000.0;01.05.2018;40;1.7734;6;
2118;25000000.0;0.0;27.04.2018;36;1.7603;6;
2119;0.0;33700000.0;08.05.2018;47;1.787;6;
2120;11000000.0;0.0;08.05.2018;47;1.787;6;
2121;0.0;102100000.0;08.05.2018;47;1.7907;6;
2122;0.0;85700000.0;08.05.2018;47;1.7907;6;
2123;116000000.0;0.0;30.05.2018;69;1.9842;7;
2124;0.0;52700000.0;11.05.2018;50;1.8105;6;
2125;0.0;33000000.0;11.05.2018;50;1.8105;6;
2126;0.0;26000000.0;11.05.2018;50;1.8105;6;
2127;31100000.0;0.0;13.06.2018;83;2.0888;8;
2128;12400000.0;0.0;14.06.2018;84;2.1069;8;
2129;0.0;18000000.0;14.06.2018;84;2.1069;8;
2130;109400000.0;0.0;14.06.2018;84;2.1069;8;
2131;31200000.0;0.0;18.06.2018;88;2.145;9;
2132;0.0;10400000.0;19.06.2018;89;2.1775;9;
2133;20800000.0;0.0;23.04.2018;32;1.7447;6;
2134;0.0;20800000.0;23.04.2018;32;1.7447;6;
2135;0.0;20800000.0;24.04.2018;33;1.7413;6;
2136;0.0;20800000.0;27.04.2018;36;1.7603;6;
2137;6300000.0;0.0;30.04.2018;39;1.7603;6;
2138;20900000.0;0.0;30.04.2018;39;1.7723;6;
2139;0.0;142900000.0;30.04.2018;39;1.7723;6;
2140;50400000.0;0.0;01.05.2018;40;1.7734;6;
2141;0.0;10400000.0;01.05.2018;40;1.7734;6;
2142;0.0;25000000.0;30.04.2018;39;1.7603;6;
2143;50800000.0;0.0;01.05.2018;40;1.7734;6;
2144;0.0;2100000.0;01.05.2018;40;1.7734;6;
2145;10400000.0;0.0;02.05.2018;41;1.7778;6;
2146;0.0;20800000.0;02.05.2018;41;1.7778;6;
2147;0.0;20900000.0;03.05.2018;42;1.787;6;
2148;30600000.0;0.0;23.04.2018;32;1.7447;6;
2149;0.0;52700000.0;23.04.2018;32;1.7447;6;
2150;0.0;12300000.0;26.04.2018;35;1.7525;6;
2151;0.0;8200000.0;30.04.2018;39;1.7603;6;
2152;50000000.0;0.0;06.05.2018;45;0.905;0;
2153;22800000.0;0.0;16.05.2018;55;1.85;6;
2154;10200000.0;0.0;21.05.2018;60;1.8849;6;
2155;0.0;10300000.0;29.05.2018;68;1.9563;7;
2156;0.0;20500000.0;04.06.2018;74;2.0172;7;
2157;0.0;14300000.0;07.06.2018;77;2.0349;7;
2158;12300000.0;0.0;08.06.2018;78;2.0473;8;
2159;34000000.0;0.0;11.06.2018;81;2.0573;8;
2160;50000000.0;0.0;03.05.2018;42;1.787;6;
2161;10400000.0;0.0;04.06.2018;74;2.0246;7;
2162;0.0;20800000.0;06.06.2018;76;2.0252;7;
2163;10400000.0;0.0;06.06.2018;76;2.0252;7;
2164;0.0;20900000.0;07.06.2018;77;2.0349;7;
2165;30000000.0;0.0;07.06.2018;77;2.0349;7;
2166;10000000.0;0.0;11.06.2018;81;2.0573;8;
2167;10000000.0;0.0;11.06.2018;81;2.0573;8;
2168;0.0;104600000.0;11.06.2018;81;2.0714;8;
2169;10400000.0;0.0;11.06.2018;81;2.0714;8;
2170;3500000.0;0.0;13.06.2018;83;2.0888;8;
2171;0.0;46500000.0;13.06.2018;83;2.0888;8;
2172;29300000.0;0.0;13.06.2018;83;2.0888;8;
2173;0.0;121500000.0;13.06.2018;83;2.0888;8;
2174;0.0;47300000.0;13.06.2018;83;2.0888;8;
